Temp1 (°C),Temp2 (°C),Temp3 (°C),Temp4 (°C),Temp5 (°C),Label (0=Normal 1=Anomaly),Classification
17.92,18.43,19.06,18.78,19.32,0,Normal
19.55,20.59,19.22,19.52,20.70,0,Normal
19.90,19.61,19.96,20.10,20.89,0,Normal
19.75,18.50,19.37,19.00,18.53,0,Normal
19.88,19.47,21.17,20.90,20.03,0,Normal
20.21,21.65,20.98,21.43,21.15,0,Normal
21.17,20.45,20.36,20.47,20.78,0,Normal
20.02,19.40,20.50,20.68,20.42,0,Normal
18.79,19.41,18.86,19.16,18.45,0,Normal
18.91,18.78,19.57,18.55,19.68,0,Normal
21.97,22.39,21.50,22.42,22.21,0,Normal
19.26,20.96,19.49,19.33,19.90,0,Normal
21.59,21.23,21.77,22.41,21.37,0,Normal
18.25,17.78,18.47,17.41,17.25,0,Normal
21.24,21.87,20.70,20.32,20.48,0,Normal
22.44,22.70,22.46,23.00,23.80,0,Normal
20.73,20.29,19.42,19.08,19.58,0,Normal
19.12,17.94,18.80,18.18,18.76,0,Normal
20.14,19.19,20.21,18.98,18.86,0,Normal
21.67,21.42,21.38,21.93,20.61,0,Normal
20.58,20.56,20.41,19.94,19.88,0,Normal
19.11,19.12,19.30,17.95,19.51,0,Normal
21.16,22.04,22.64,20.89,22.44,0,Normal
19.16,18.74,20.07,19.07,19.42,0,Normal
18.95,18.30,20.05,19.18,19.83,0,Normal
21.82,22.07,21.87,21.93,21.95,0,Normal
20.05,20.93,20.21,21.28,20.26,0,Normal
17.22,18.73,18.91,17.19,17.23,0,Normal
21.53,20.93,20.77,21.54,21.08,0,Normal
19.00,18.11,17.88,17.57,17.53,0,Normal
17.62,19.34,19.16,18.62,19.06,0,Normal
19.14,19.27,19.46,18.86,19.18,0,Normal
18.97,18.19,18.79,18.46,17.58,0,Normal
21.57,21.34,20.77,19.98,21.31,0,Normal
19.27,19.59,20.58,20.50,19.58,0,Normal
19.03,18.63,18.09,19.55,19.61,0,Normal
19.95,18.74,18.12,19.14,18.91,0,Normal
20.84,20.68,19.61,20.94,20.80,0,Normal
18.00,19.02,17.93,17.16,18.01,0,Normal
18.89,17.56,18.29,19.32,19.31,0,Normal
20.37,20.77,21.06,20.64,20.99,0,Normal
23.27,23.37,23.47,23.48,23.43,0,Normal
19.89,20.68,19.89,20.61,20.46,0,Normal
18.00,18.75,18.78,17.66,18.83,0,Normal
23.24,21.50,22.81,21.92,21.62,0,Normal
20.10,20.54,20.27,20.11,19.66,0,Normal
20.75,20.29,21.77,20.12,21.41,0,Normal
23.09,21.40,22.80,21.70,21.40,0,Normal
22.98,23.71,23.84,22.59,23.01,0,Normal
19.33,19.56,18.69,18.57,18.06,0,Normal
19.27,19.86,19.27,19.88,18.90,0,Normal
20.17,19.89,19.06,19.09,19.67,0,Normal
18.83,20.20,19.12,18.92,19.85,0,Normal
19.55,19.91,19.51,19.77,20.21,0,Normal
19.38,18.98,18.43,19.09,18.47,0,Normal
19.59,18.88,19.54,18.85,18.54,0,Normal
18.89,19.72,19.51,19.68,19.82,0,Normal
22.87,23.09,21.88,21.86,21.64,0,Normal
18.70,17.91,18.90,17.53,18.92,0,Normal
19.34,19.88,19.95,19.85,19.09,0,Normal
19.52,19.71,19.35,19.86,19.93,0,Normal
17.35,18.98,18.09,19.01,17.42,0,Normal
20.57,20.46,20.40,20.49,21.03,0,Normal
17.53,18.09,18.68,17.83,19.16,0,Normal
22.96,23.62,22.94,21.84,23.27,0,Normal
21.06,22.51,21.60,21.40,21.89,0,Normal
18.17,18.95,17.23,18.32,18.77,0,Normal
19.15,19.37,20.36,19.47,18.99,0,Normal
22.28,23.56,23.01,22.72,21.99,0,Normal
22.67,21.75,22.56,22.23,22.22,0,Normal
20.50,20.89,20.89,20.00,20.96,0,Normal
17.17,18.44,18.53,17.22,19.00,0,Normal
21.57,20.65,21.08,20.89,21.78,0,Normal
20.48,21.69,22.12,21.19,21.77,0,Normal
19.60,18.31,19.60,20.20,19.83,0,Normal
19.58,19.33,19.55,19.90,19.67,0,Normal
22.00,22.20,23.14,21.33,22.23,0,Normal
20.36,20.87,21.00,19.72,20.02,0,Normal
19.12,18.41,19.25,17.66,18.51,0,Normal
18.99,20.06,19.28,18.28,18.36,0,Normal
19.76,20.32,19.79,18.89,19.43,0,Normal
19.83,21.20,20.19,20.92,20.31,0,Normal
20.39,20.38,20.91,20.70,20.46,0,Normal
19.99,18.47,19.85,18.60,19.94,0,Normal
21.33,23.10,22.41,22.19,21.52,0,Normal
21.71,20.50,21.19,22.10,22.00,0,Normal
21.34,20.22,20.41,21.76,21.39,0,Normal
18.27,17.65,19.10,17.47,18.72,0,Normal
18.35,18.09,19.36,18.71,18.87,0,Normal
19.84,20.44,20.62,19.52,20.42,0,Normal
18.87,18.29,19.30,19.29,18.67,0,Normal
19.13,17.96,18.68,19.62,19.88,0,Normal
18.33,18.34,18.63,19.77,19.58,0,Normal
21.82,22.44,21.89,22.66,22.82,0,Normal
22.87,22.71,22.79,23.35,22.26,0,Normal
19.08,18.69,18.28,18.93,18.40,0,Normal
19.11,18.84,18.96,19.28,19.74,0,Normal
23.62,23.04,22.19,22.00,22.70,0,Normal
18.53,19.09,19.56,19.55,18.20,0,Normal
19.37,18.20,17.92,18.83,19.16,0,Normal
18.56,18.56,19.61,37.03,41.30,1,Anomaly
21.45,21.42,23.14,21.83,21.70,0,Normal
18.29,17.68,18.47,19.20,17.46,0,Normal
18.44,19.36,17.85,19.52,19.70,0,Normal
18.84,19.12,18.50,18.07,19.43,0,Normal
20.73,22.28,21.54,22.27,20.83,0,Normal
22.08,23.14,22.69,22.27,22.44,0,Normal
18.94,18.90,19.42,19.79,18.88,0,Normal
20.54,20.12,20.42,21.37,21.30,0,Normal
19.06,18.58,18.60,18.76,17.64,0,Normal
21.35,21.14,22.35,22.62,21.71,0,Normal
20.59,20.00,19.80,19.80,19.40,0,Normal
23.61,22.04,23.84,22.21,23.02,0,Normal
22.86,21.23,21.52,22.71,21.83,0,Normal
19.54,19.46,19.41,18.41,19.45,0,Normal
20.96,21.02,21.36,22.25,20.45,0,Normal
22.73,21.94,21.20,21.66,21.38,0,Normal
23.11,22.64,21.83,22.63,22.34,0,Normal
20.11,20.97,19.89,20.17,20.05,0,Normal
18.29,18.50,18.78,18.55,17.91,0,Normal
19.75,20.80,19.91,21.31,20.78,0,Normal
20.75,20.43,19.95,20.67,20.31,0,Normal
17.92,18.66,19.26,18.92,17.86,0,Normal
19.76,21.66,20.05,20.08,19.84,0,Normal
19.92,18.83,19.05,19.85,20.05,0,Normal
21.36,21.12,19.91,20.62,19.88,0,Normal
17.43,18.46,17.80,17.60,18.79,0,Normal
20.18,21.31,19.41,20.72,20.73,0,Normal
21.74,21.85,20.78,20.61,21.61,0,Normal
20.38,20.77,21.21,20.95,20.49,0,Normal
21.83,21.35,20.34,21.38,21.81,0,Normal
23.10,23.38,22.30,23.00,22.62,0,Normal
19.72,20.75,21.11,21.46,19.84,0,Normal
18.30,19.18,18.82,18.50,18.92,0,Normal
17.80,18.13,17.23,18.59,18.13,0,Normal
20.65,20.45,20.16,19.47,20.66,0,Normal
19.25,20.14,19.82,20.51,20.63,0,Normal
20.28,20.84,20.29,19.51,19.33,0,Normal
21.86,21.25,21.66,21.48,22.41,0,Normal
20.76,20.08,19.18,20.17,19.32,0,Normal
20.26,21.70,19.87,20.94,21.29,0,Normal
22.18,21.74,22.09,22.61,22.23,0,Normal
19.08,18.74,19.33,19.34,18.79,0,Normal
18.31,18.50,19.22,18.65,17.67,0,Normal
18.71,17.99,18.53,17.63,18.09,0,Normal
21.31,22.95,22.77,21.40,22.00,0,Normal
20.34,21.62,20.18,21.52,20.13,0,Normal
18.65,20.19,20.01,19.53,18.74,0,Normal
21.85,20.97,20.64,21.47,22.03,0,Normal
20.97,20.85,20.61,21.26,22.46,0,Normal
21.00,21.26,21.22,20.38,19.79,0,Normal
21.04,21.40,22.13,21.62,22.33,0,Normal
18.77,17.84,18.61,19.07,17.80,0,Normal
19.48,19.40,18.74,20.27,20.41,0,Normal
22.49,22.46,23.40,22.13,22.49,0,Normal
23.30,22.67,23.42,23.16,22.31,0,Normal
22.62,21.35,22.68,22.52,22.18,0,Normal
20.58,19.21,20.09,18.81,19.43,0,Normal
20.84,19.87,20.78,20.01,19.16,0,Normal
19.77,20.16,20.72,20.12,19.90,0,Normal
20.53,20.99,21.33,21.65,20.95,0,Normal
19.85,20.77,21.13,21.42,21.12,0,Normal
21.05,20.76,22.30,21.57,20.41,0,Normal
22.74,22.90,22.30,21.49,22.65,0,Normal
18.08,17.63,18.12,18.37,17.51,0,Normal
20.39,21.42,21.61,20.88,21.41,0,Normal
21.98,21.91,21.83,22.81,22.48,0,Normal
22.40,22.41,22.12,37.44,44.07,1,Anomaly
20.58,19.12,19.69,20.36,20.10,0,Normal
22.09,23.14,22.22,22.04,23.00,0,Normal
21.70,21.55,22.75,33.29,36.04,1,Anomaly
18.78,20.28,18.50,19.74,19.64,0,Normal
22.60,22.67,22.77,23.09,22.83,0,Normal
20.80,21.25,21.41,21.56,22.11,0,Normal
18.33,19.37,18.47,17.90,18.30,0,Normal
18.35,18.42,18.91,18.82,18.08,0,Normal
19.22,19.36,20.07,40.57,41.55,1,Anomaly
21.13,22.34,22.58,21.35,22.56,0,Normal
19.34,20.11,19.62,19.23,20.35,0,Normal
21.38,21.29,21.90,22.74,21.31,0,Normal
18.82,18.35,18.70,19.92,19.70,0,Normal
17.13,18.14,18.25,42.56,39.72,1,Anomaly
23.33,21.80,23.42,43.32,44.93,1,Anomaly
22.28,22.30,22.48,23.09,23.12,0,Normal
21.97,22.94,22.14,44.03,40.28,1,Anomaly
19.88,19.98,19.81,19.10,19.40,0,Normal
18.37,20.11,18.75,18.35,18.25,0,Normal
18.42,18.67,18.55,19.05,18.19,0,Normal
20.10,18.65,18.65,20.51,19.77,0,Normal
20.70,21.09,20.90,20.30,20.24,0,Normal
19.37,18.82,19.98,20.41,19.24,0,Normal
19.91,18.80,18.35,19.20,19.62,0,Normal
19.84,19.83,20.37,19.83,19.08,0,Normal
20.85,20.55,21.81,37.85,38.49,1,Anomaly
22.42,23.19,22.13,38.03,44.29,1,Anomaly
21.40,19.88,20.68,19.73,21.23,0,Normal
19.46,20.12,19.71,20.25,20.34,0,Normal
20.58,19.98,21.45,37.67,43.68,1,Anomaly
21.95,23.25,22.37,22.83,22.61,0,Normal
20.90,20.29,20.43,20.64,20.66,0,Normal
18.00,18.48,18.59,17.51,17.65,0,Normal
20.47,20.20,20.20,41.68,36.47,1,Anomaly
17.71,17.37,18.87,41.20,42.91,1,Anomaly
18.96,18.08,18.10,39.80,42.50,1,Anomaly
20.82,22.00,21.64,44.99,35.85,1,Anomaly
20.84,21.88,20.97,21.40,22.35,0,Normal
22.49,22.80,23.65,22.70,22.06,0,Normal
20.83,19.70,19.19,20.03,20.09,0,Normal
18.98,19.41,19.79,19.68,18.32,0,Normal
18.55,18.45,19.09,18.22,18.45,0,Normal
23.16,21.38,21.53,23.10,22.94,0,Normal
22.89,22.12,22.84,21.92,22.82,0,Normal
19.99,20.43,20.31,18.92,19.56,0,Normal
18.58,17.60,18.24,38.15,38.74,1,Anomaly
20.89,20.06,21.08,20.23,20.70,0,Normal
21.31,21.90,22.30,22.85,22.95,0,Normal
22.07,21.95,21.87,21.03,21.42,0,Normal
17.98,17.60,18.47,17.81,18.00,0,Normal
17.43,18.70,18.84,18.67,18.15,0,Normal
17.71,17.64,18.50,44.49,35.38,1,Anomaly
21.39,20.48,20.73,20.40,20.12,0,Normal
20.94,20.51,20.25,20.46,21.65,0,Normal
18.07,19.36,18.94,39.99,35.68,1,Anomaly
18.92,18.48,19.11,19.25,19.88,0,Normal
21.03,21.05,21.36,30.01,39.57,1,Anomaly
23.39,22.02,22.25,22.53,22.21,0,Normal
21.18,20.35,21.62,21.84,20.44,0,Normal
18.54,18.89,20.02,18.85,19.33,0,Normal
20.50,20.92,19.57,20.02,20.53,0,Normal
23.39,22.06,22.34,23.05,22.38,0,Normal
21.59,22.21,21.79,21.35,22.60,0,Normal
22.31,21.62,21.20,22.99,22.17,0,Normal
21.30,22.79,21.91,21.90,21.64,0,Normal
21.48,22.04,21.30,22.64,23.04,0,Normal
22.12,20.65,21.89,20.57,20.69,0,Normal
22.26,21.73,22.68,37.88,44.87,1,Anomaly
19.42,19.66,19.24,41.41,35.40,1,Anomaly
18.61,18.33,18.10,17.81,17.82,0,Normal
23.30,23.15,22.28,22.70,22.45,0,Normal
17.50,18.24,17.95,17.57,17.83,0,Normal
17.74,17.44,18.45,37.85,35.62,1,Anomaly
22.61,21.92,22.97,22.71,21.97,0,Normal
20.39,20.07,21.25,21.36,19.64,0,Normal
18.97,19.05,19.48,20.03,20.10,0,Normal
21.10,20.82,20.77,20.58,20.30,0,Normal
21.06,19.44,19.95,21.17,20.45,0,Normal
20.15,19.08,18.77,19.05,19.77,0,Normal
19.79,19.29,18.91,18.60,18.49,0,Normal
19.25,20.66,20.61,18.95,19.35,0,Normal
22.73,22.08,23.17,22.32,22.03,0,Normal
21.05,21.75,21.28,21.60,21.77,0,Normal
21.68,22.61,21.48,22.97,22.09,0,Normal
21.71,20.48,21.33,20.38,20.66,0,Normal
17.58,17.67,19.25,19.25,18.28,0,Normal
22.87,22.58,21.75,22.56,23.20,0,Normal
21.16,20.15,20.01,20.05,20.75,0,Normal
22.23,21.76,21.98,21.76,21.68,0,Normal
20.82,22.14,21.68,20.90,20.28,0,Normal
17.99,19.36,19.54,34.75,43.59,1,Anomaly
20.88,20.53,20.42,21.10,20.85,0,Normal
19.28,18.52,18.24,18.91,17.63,0,Normal
18.66,18.99,18.62,18.62,18.56,0,Normal
18.99,17.55,17.52,35.19,42.17,1,Anomaly
21.92,21.76,20.87,22.75,21.94,0,Normal
20.48,21.35,20.68,21.09,21.19,0,Normal
18.68,17.47,17.92,18.87,18.72,0,Normal
23.54,22.93,22.31,22.68,22.91,0,Normal
21.50,21.73,20.61,20.64,20.58,0,Normal
21.72,21.82,22.65,21.02,21.32,0,Normal
22.19,21.94,22.91,23.01,23.20,0,Normal
20.66,19.66,19.45,19.83,18.93,0,Normal
20.09,19.71,19.56,38.10,43.01,1,Anomaly
21.64,21.61,22.59,36.78,44.24,1,Anomaly
18.35,18.52,17.99,18.49,18.89,0,Normal
21.78,21.80,21.80,35.32,41.90,1,Anomaly
19.89,19.44,20.24,20.63,20.20,0,Normal
21.08,21.73,21.07,35.04,44.35,1,Anomaly
18.54,19.68,19.77,19.15,19.83,0,Normal
22.40,21.56,21.81,21.33,22.93,0,Normal
22.42,23.01,21.52,21.51,21.40,0,Normal
21.34,21.90,21.22,21.13,21.99,0,Normal
21.74,21.74,21.69,42.04,41.67,1,Anomaly
19.04,18.15,19.09,19.28,19.11,0,Normal
22.63,21.63,21.15,22.57,22.20,0,Normal
20.41,18.81,19.23,19.26,18.81,0,Normal
20.81,20.11,21.42,20.07,20.05,0,Normal
21.19,19.96,21.03,42.36,39.79,1,Anomaly
22.69,20.86,22.28,22.57,20.94,0,Normal
20.16,19.86,20.59,44.68,42.01,1,Anomaly
20.70,21.39,21.42,39.91,35.30,1,Anomaly
19.62,19.62,20.08,20.89,20.90,0,Normal
22.08,23.24,22.50,23.33,22.73,0,Normal
21.54,21.31,21.24,20.12,20.83,0,Normal
21.57,21.81,21.17,21.50,21.19,0,Normal
23.03,22.60,23.40,22.23,21.93,0,Normal
20.86,20.59,19.05,19.23,20.26,0,Normal
19.46,19.88,18.82,19.05,18.92,0,Normal
19.40,21.20,19.87,19.64,19.68,0,Normal
21.80,21.48,21.95,21.11,21.18,0,Normal
20.11,20.04,19.78,20.62,20.36,0,Normal
19.52,19.74,19.11,30.49,35.32,1,Anomaly
18.97,18.40,18.66,39.10,39.68,1,Anomaly
19.43,20.40,20.55,19.96,19.28,0,Normal
22.27,21.36,21.99,40.22,41.04,1,Anomaly
20.80,21.02,20.94,21.54,20.26,0,Normal
20.71,20.65,21.82,22.36,22.18,0,Normal
17.32,17.80,18.52,18.06,18.34,0,Normal
19.09,18.13,19.77,38.38,40.16,1,Anomaly
23.07,23.21,22.24,23.37,21.99,0,Normal
21.40,21.47,21.44,21.13,20.47,0,Normal
21.97,21.92,22.39,22.55,23.72,0,Normal
17.33,18.40,19.09,18.61,17.42,0,Normal
20.94,19.68,21.07,20.99,19.49,0,Normal
22.45,22.00,21.84,21.30,21.11,0,Normal
22.27,22.39,23.20,22.38,22.96,0,Normal
21.18,21.29,21.07,21.67,21.44,0,Normal
19.52,19.70,20.10,19.47,19.61,0,Normal
21.74,21.33,21.93,35.47,36.82,1,Anomaly
22.36,22.34,21.27,20.89,20.41,0,Normal
17.31,18.27,18.71,19.02,18.23,0,Normal
21.62,20.01,20.22,38.52,37.50,1,Anomaly
22.80,22.07,21.46,21.36,22.66,0,Normal
18.75,20.47,20.02,36.10,43.51,1,Anomaly
21.18,21.21,21.64,20.51,20.94,0,Normal
21.12,21.94,21.03,22.28,21.61,0,Normal
18.91,19.33,19.03,17.89,19.17,0,Normal
18.88,19.12,18.54,41.40,44.75,1,Anomaly
17.34,17.82,18.80,17.61,18.60,0,Normal
18.55,19.69,19.15,17.83,19.75,0,Normal
21.36,19.90,21.44,19.98,21.17,0,Normal
21.07,21.94,22.28,21.89,22.69,0,Normal
19.97,19.15,18.21,44.85,41.19,1,Anomaly
20.85,21.21,22.67,40.01,39.53,1,Anomaly
22.82,22.51,21.14,22.58,21.02,0,Normal
19.78,21.26,21.31,20.40,20.52,0,Normal
18.65,19.02,19.11,31.62,41.60,1,Anomaly
21.75,21.96,22.30,20.62,20.57,0,Normal
21.68,22.41,21.88,23.10,22.47,0,Normal
23.09,23.07,22.02,34.43,36.25,1,Anomaly
18.69,18.82,18.77,17.95,18.83,0,Normal
20.29,19.23,19.14,19.15,19.37,0,Normal
21.41,21.83,22.09,21.64,21.72,0,Normal
21.07,20.39,21.26,19.99,20.79,0,Normal
18.75,17.98,18.07,17.90,19.04,0,Normal
21.39,20.65,20.94,42.42,44.52,1,Anomaly
19.11,19.29,17.95,33.95,41.00,1,Anomaly
19.23,19.56,19.67,42.76,37.59,1,Anomaly
22.84,22.63,22.09,21.98,21.86,0,Normal
22.59,22.83,21.37,23.00,22.35,0,Normal
21.70,22.58,22.33,44.05,44.66,1,Anomaly
20.72,20.77,19.39,19.56,19.91,0,Normal
18.86,20.02,20.10,18.62,19.38,0,Normal
17.91,17.69,17.96,17.30,18.73,0,Normal
21.63,22.97,22.54,44.05,43.61,1,Anomaly
20.97,19.77,20.09,21.31,21.38,0,Normal
20.71,20.35,21.05,21.47,20.25,0,Normal
19.79,19.58,20.38,19.88,21.45,0,Normal
21.74,20.15,20.68,30.44,38.26,1,Anomaly
17.72,17.75,19.26,17.84,19.22,0,Normal
19.37,20.03,19.62,18.56,18.47,0,Normal
23.74,22.82,23.48,23.40,23.62,0,Normal
21.20,21.30,20.40,36.34,41.62,1,Anomaly
21.50,21.17,22.90,23.16,22.51,0,Normal
21.69,22.08,21.91,33.58,42.90,1,Anomaly
20.99,22.12,21.13,20.82,21.82,0,Normal
20.72,20.66,21.21,21.51,20.35,0,Normal
19.51,17.99,19.55,19.01,19.08,0,Normal
17.30,18.60,17.85,18.66,18.20,0,Normal
20.16,21.60,20.57,19.81,21.27,0,Normal
21.75,22.67,22.85,23.48,22.23,0,Normal
18.77,20.48,20.39,19.85,20.38,0,Normal
22.02,21.39,21.02,21.40,21.11,0,Normal
19.44,20.01,19.55,20.94,20.51,0,Normal
22.55,22.40,21.68,22.34,21.78,0,Normal
20.93,21.39,20.71,21.85,20.85,0,Normal
22.48,22.51,21.57,33.14,37.18,1,Anomaly
23.05,21.40,21.60,21.32,21.87,0,Normal
22.15,23.65,21.95,22.57,22.19,0,Normal
21.66,21.30,21.78,21.00,21.77,0,Normal
19.92,19.25,18.63,19.50,18.52,0,Normal
17.60,18.73,18.44,17.20,18.22,0,Normal
22.60,21.68,23.52,22.16,22.57,0,Normal
18.88,18.85,19.03,20.17,19.55,0,Normal
23.39,21.91,23.75,38.63,36.35,1,Anomaly
21.89,21.44,21.97,22.16,21.17,0,Normal
22.20,21.30,21.68,21.88,21.86,0,Normal
21.49,22.69,23.15,22.80,23.10,0,Normal
23.57,22.80,22.51,22.74,22.02,0,Normal
22.95,21.96,22.47,43.13,38.16,1,Anomaly
22.63,22.12,21.91,22.10,22.87,0,Normal
21.78,21.07,21.94,33.91,43.22,1,Anomaly
22.14,21.60,23.27,21.35,21.98,0,Normal
19.02,18.68,19.35,19.65,19.68,0,Normal
18.13,18.00,18.05,19.46,18.72,0,Normal
18.97,18.12,18.39,18.12,19.09,0,Normal
19.23,18.59,19.32,19.40,18.54,0,Normal
21.13,22.59,21.67,21.60,21.97,0,Normal
21.22,22.39,22.65,21.89,22.03,0,Normal
18.29,17.98,19.01,18.63,17.91,0,Normal
19.41,19.57,18.03,19.11,19.28,0,Normal
19.47,20.14,18.50,19.02,19.54,0,Normal
22.80,22.36,23.53,23.01,21.88,0,Normal
19.64,19.50,20.49,39.86,41.98,1,Anomaly
18.99,19.34,19.27,20.80,20.05,0,Normal
20.04,20.94,20.24,34.62,37.51,1,Anomaly
22.78,21.78,21.85,21.35,21.62,0,Normal
20.17,19.92,20.32,34.38,41.33,1,Anomaly
20.07,19.68,20.86,20.27,21.17,0,Normal
20.55,21.37,22.07,33.00,41.75,1,Anomaly
21.69,23.36,22.38,22.89,23.14,0,Normal
22.66,21.71,23.32,23.42,22.13,0,Normal
19.09,18.02,19.12,19.03,18.01,0,Normal
20.74,19.70,19.12,41.85,38.06,1,Anomaly
21.42,21.54,22.59,21.09,22.28,0,Normal
20.60,19.76,19.16,20.88,20.26,0,Normal
20.71,19.90,21.10,19.92,21.23,0,Normal
22.69,23.58,23.87,34.01,42.51,1,Anomaly
20.29,21.32,21.76,20.99,20.78,0,Normal
17.56,18.30,19.12,19.17,18.90,0,Normal
19.13,18.47,19.28,32.09,40.75,1,Anomaly
20.77,21.47,21.78,44.43,43.45,1,Anomaly
21.34,21.65,20.97,21.10,20.43,0,Normal
21.41,20.91,19.69,36.21,44.67,1,Anomaly
18.85,19.84,18.64,20.15,18.99,0,Normal
19.13,18.50,18.78,20.06,18.83,0,Normal
20.70,21.29,20.71,36.36,41.97,1,Anomaly
21.20,20.22,20.39,42.63,36.84,1,Anomaly
19.15,19.78,18.92,19.64,20.61,0,Normal
19.60,19.51,18.02,19.49,18.90,0,Normal
20.30,19.74,19.67,41.98,38.00,1,Anomaly
18.37,19.16,18.74,40.10,41.19,1,Anomaly
19.12,20.03,18.63,39.98,40.99,1,Anomaly
18.46,18.97,19.12,17.41,18.85,0,Normal
23.28,22.29,23.08,22.49,22.37,0,Normal
19.10,18.34,17.93,19.23,18.55,0,Normal
18.91,18.85,17.56,19.00,18.46,0,Normal
19.84,19.27,20.55,21.04,20.09,0,Normal
19.46,20.10,19.27,32.90,38.36,1,Anomaly
22.16,22.16,21.55,22.39,21.21,0,Normal
19.74,18.99,20.40,19.04,18.94,0,Normal
19.51,18.93,19.89,32.30,38.12,1,Anomaly
23.75,22.20,21.95,21.98,22.83,0,Normal
21.41,19.82,21.30,19.74,21.45,0,Normal
17.86,17.66,17.52,19.11,17.84,0,Normal
22.11,22.33,22.96,23.51,21.89,0,Normal
22.11,22.69,22.71,21.53,22.86,0,Normal
17.81,17.84,19.13,19.21,17.80,0,Normal
22.26,21.68,22.12,21.75,21.64,0,Normal
21.83,20.58,20.43,21.78,21.15,0,Normal
22.20,22.51,21.78,21.82,21.62,0,Normal
21.37,22.83,21.29,22.61,21.73,0,Normal
20.08,18.86,18.66,39.46,38.45,1,Anomaly
19.99,20.71,21.43,21.23,20.97,0,Normal
20.63,20.52,20.25,19.31,20.00,0,Normal
20.40,21.83,21.50,21.93,20.73,0,Normal
17.81,18.42,18.68,18.62,18.31,0,Normal
21.86,20.55,20.98,21.29,22.43,0,Normal
22.94,22.83,22.22,23.02,21.39,0,Normal
23.00,23.04,22.34,23.29,22.96,0,Normal
18.84,18.85,19.33,19.65,19.40,0,Normal
20.59,20.85,20.40,19.45,20.88,0,Normal
20.38,21.35,20.67,20.49,21.19,0,Normal
20.39,20.86,21.02,20.98,21.43,0,Normal
21.73,21.68,21.46,20.75,20.49,0,Normal
18.69,18.36,18.91,35.87,35.37,1,Anomaly
18.92,20.64,18.76,41.31,36.35,1,Anomaly
20.95,19.47,19.31,19.38,19.83,0,Normal
20.72,19.89,21.19,20.49,20.57,0,Normal
20.95,22.27,22.20,35.42,39.53,1,Anomaly
21.43,22.85,21.30,21.94,23.09,0,Normal
18.66,18.93,18.06,18.19,18.60,0,Normal
19.78,19.40,19.89,19.31,19.19,0,Normal
23.44,23.02,22.94,23.08,23.41,0,Normal
21.42,20.14,21.26,20.80,21.92,0,Normal
22.01,21.88,22.46,21.27,22.51,0,Normal
19.79,19.27,19.62,40.37,42.61,1,Anomaly
21.08,20.04,19.95,20.60,21.63,0,Normal
22.62,21.99,21.77,22.02,22.88,0,Normal
19.06,17.87,19.27,19.53,18.30,0,Normal
22.10,22.81,22.00,22.65,23.73,0,Normal
19.72,20.97,20.94,41.52,39.22,1,Anomaly
22.98,23.72,22.91,22.89,22.07,0,Normal
20.19,21.67,20.90,21.31,21.01,0,Normal
20.09,20.99,21.00,19.31,20.63,0,Normal
21.71,23.26,21.52,21.95,22.78,0,Normal
21.28,21.14,20.99,20.84,20.11,0,Normal
21.50,22.04,22.29,22.35,22.11,0,Normal
21.21,20.64,20.38,35.76,42.03,1,Anomaly
19.23,18.04,19.66,34.25,36.86,1,Anomaly
20.94,19.20,19.69,20.69,20.68,0,Normal
19.22,19.92,20.52,20.15,18.80,0,Normal
20.75,20.19,19.18,20.26,18.90,0,Normal
23.48,21.71,22.60,22.45,21.87,0,Normal
22.43,20.69,21.57,20.57,21.09,0,Normal
18.28,17.44,18.92,36.61,44.25,1,Anomaly
21.57,22.88,22.08,22.16,21.44,0,Normal
19.48,19.90,19.04,35.45,39.04,1,Anomaly
21.32,21.02,21.24,19.99,20.34,0,Normal
20.43,20.34,19.36,35.35,42.27,1,Anomaly
18.35,18.99,18.45,18.47,20.10,0,Normal
19.28,18.74,18.49,20.23,18.47,0,Normal
20.90,19.57,20.73,20.19,20.37,0,Normal
19.68,19.17,19.72,19.53,18.85,0,Normal
21.20,21.18,20.41,20.25,21.78,0,Normal
18.37,18.28,17.99,33.09,42.41,1,Anomaly
21.69,20.29,21.62,20.24,20.14,0,Normal
19.50,19.20,18.07,19.16,19.80,0,Normal
17.96,17.66,18.84,32.85,42.07,1,Anomaly
21.70,22.05,21.30,21.76,22.57,0,Normal
22.07,22.35,23.65,22.51,23.62,0,Normal
21.61,22.61,22.72,22.23,22.62,0,Normal
18.55,17.82,17.88,19.18,18.85,0,Normal
20.36,20.67,20.87,21.89,21.76,0,Normal
22.64,23.40,23.30,22.35,22.76,0,Normal
19.94,20.14,20.17,44.79,37.28,1,Anomaly
22.10,21.95,22.26,37.67,35.79,1,Anomaly
23.00,22.84,22.39,31.81,42.71,1,Anomaly
21.09,20.47,20.25,34.97,43.03,1,Anomaly
20.81,20.43,21.47,39.71,40.95,1,Anomaly
18.93,17.82,18.80,19.32,17.77,0,Normal
18.27,18.62,18.39,19.11,18.45,0,Normal
19.79,19.84,19.82,31.18,43.25,1,Anomaly
21.63,21.16,21.10,21.56,21.83,0,Normal
22.34,21.71,22.04,21.66,23.03,0,Normal
17.85,18.18,18.11,32.79,41.02,1,Anomaly
21.10,20.88,21.04,41.49,43.05,1,Anomaly
20.07,18.57,19.44,20.38,18.64,0,Normal
19.74,20.88,20.50,20.53,20.43,0,Normal
21.44,21.53,22.53,20.80,22.63,0,Normal
20.40,20.04,20.67,20.12,19.63,0,Normal
23.25,22.09,22.54,44.59,38.03,1,Anomaly
19.68,20.10,20.08,42.00,42.30,1,Anomaly
20.86,20.76,21.91,21.90,21.70,0,Normal
22.23,22.55,22.28,21.83,21.44,0,Normal
21.77,21.85,22.27,20.85,20.90,0,Normal
18.60,18.26,17.21,18.04,17.15,0,Normal
20.31,19.85,20.75,20.63,20.02,0,Normal
18.84,18.29,19.16,41.92,39.62,1,Anomaly
18.71,18.65,18.82,18.62,19.58,0,Normal
21.47,22.06,21.28,43.79,38.60,1,Anomaly
18.73,19.21,19.47,17.58,18.43,0,Normal
18.10,18.87,18.91,17.68,17.86,0,Normal
20.53,20.87,20.16,21.31,21.01,0,Normal
21.08,19.90,19.98,20.87,19.89,0,Normal
20.06,20.62,19.33,19.58,18.97,0,Normal
21.36,21.03,22.25,35.85,39.42,1,Anomaly
18.38,18.92,18.62,36.48,37.77,1,Anomaly
20.71,20.59,21.31,20.55,21.09,0,Normal
21.38,21.09,21.97,21.64,21.38,0,Normal
20.13,20.19,21.28,20.66,21.09,0,Normal
19.53,18.64,18.90,39.38,39.67,1,Anomaly
19.56,19.97,19.12,20.46,19.10,0,Normal
19.31,19.53,19.44,19.60,20.95,0,Normal
17.36,18.44,17.52,18.14,18.16,0,Normal
21.24,20.61,21.18,38.19,43.80,1,Anomaly
19.88,19.50,19.20,18.81,19.84,0,Normal
20.84,20.85,20.68,20.63,20.59,0,Normal
18.85,19.46,19.65,18.47,19.32,0,Normal
19.29,18.57,18.72,18.81,18.48,0,Normal
18.43,18.88,17.19,17.70,17.26,0,Normal
20.21,20.80,20.18,20.63,20.11,0,Normal
20.17,21.35,19.86,20.72,21.12,0,Normal
21.67,22.06,21.15,22.91,22.43,0,Normal
18.74,19.49,20.06,20.46,20.21,0,Normal
21.15,21.32,20.59,44.49,43.82,1,Anomaly
22.15,23.37,22.72,21.88,21.73,0,Normal
21.95,22.51,21.71,21.48,22.64,0,Normal
19.94,19.73,19.91,18.04,18.55,0,Normal
22.44,20.90,22.67,22.58,21.66,0,Normal
21.44,21.09,20.30,37.35,42.22,1,Anomaly
19.35,19.40,19.49,18.25,18.91,0,Normal
20.01,19.70,19.18,19.44,19.89,0,Normal
18.92,19.46,19.74,19.70,18.93,0,Normal
22.74,23.38,22.94,21.92,23.40,0,Normal
19.62,20.05,20.41,19.50,21.19,0,Normal
20.68,19.47,21.03,43.57,36.42,1,Anomaly
19.41,19.42,19.05,20.64,19.67,0,Normal
20.67,21.12,21.97,40.92,37.85,1,Anomaly
22.22,22.05,20.75,21.46,22.03,0,Normal
23.06,23.29,23.09,21.81,22.48,0,Normal
23.11,21.39,22.02,21.89,21.69,0,Normal
18.92,19.09,19.25,19.91,19.17,0,Normal
23.22,22.26,21.89,22.32,22.10,0,Normal
22.52,22.72,21.80,22.92,22.68,0,Normal
19.47,19.12,19.93,39.80,41.82,1,Anomaly
22.40,22.27,22.81,38.98,36.29,1,Anomaly
23.43,21.62,22.96,23.05,21.64,0,Normal
19.37,20.66,20.29,20.41,20.56,0,Normal
19.67,21.05,20.99,20.51,20.71,0,Normal
19.59,18.78,18.71,20.37,18.95,0,Normal
22.04,21.22,21.35,22.15,20.77,0,Normal
21.84,21.20,21.66,21.24,21.25,0,Normal
19.61,18.47,18.17,18.71,18.79,0,Normal
18.65,17.95,19.67,19.68,19.48,0,Normal
21.12,21.81,20.54,20.81,19.85,0,Normal
22.81,22.51,21.91,22.04,22.65,0,Normal
22.13,22.83,23.07,21.20,22.44,0,Normal
20.37,18.99,19.27,37.24,36.41,1,Anomaly
22.25,20.57,20.50,21.21,21.21,0,Normal
20.18,19.86,20.17,20.41,20.24,0,Normal
19.74,19.19,20.07,19.68,20.16,0,Normal
22.17,22.14,23.37,21.82,22.00,0,Normal
21.80,22.57,21.61,23.30,22.16,0,Normal
21.67,21.64,21.19,21.22,22.94,0,Normal
20.78,19.42,21.17,20.39,21.10,0,Normal
19.87,19.09,19.48,18.67,18.27,0,Normal
18.46,17.81,18.51,32.06,39.51,1,Anomaly
18.68,17.64,17.91,18.20,19.40,0,Normal
18.41,18.32,17.51,35.45,39.00,1,Anomaly
20.77,19.43,18.82,38.34,43.67,1,Anomaly
23.08,22.07,21.28,43.92,42.68,1,Anomaly
19.87,20.18,20.17,19.39,20.49,0,Normal
20.61,21.40,21.58,21.81,21.75,0,Normal
20.85,19.80,20.85,36.61,41.02,1,Anomaly
21.63,22.27,22.88,34.09,35.33,1,Anomaly
18.59,18.69,19.53,19.29,18.31,0,Normal
19.05,19.29,18.71,18.59,19.90,0,Normal
22.47,21.74,22.19,21.72,21.10,0,Normal
19.50,19.50,19.34,18.71,19.52,0,Normal
20.62,22.55,21.45,21.72,21.19,0,Normal
23.36,22.28,22.17,38.13,44.56,1,Anomaly
20.39,19.72,20.14,19.03,20.04,0,Normal
19.25,18.88,18.64,18.76,18.05,0,Normal
22.45,21.76,21.51,23.36,22.37,0,Normal
23.15,21.66,21.59,38.63,35.08,1,Anomaly
20.52,20.36,19.92,21.21,19.79,0,Normal
18.10,19.01,18.79,19.56,19.53,0,Normal
19.43,20.78,19.18,20.76,20.35,0,Normal
18.70,18.92,19.64,19.37,19.15,0,Normal
19.98,19.62,18.36,18.78,19.47,0,Normal
18.16,19.71,18.77,31.59,40.01,1,Anomaly
19.92,19.97,21.01,20.27,19.68,0,Normal
17.26,17.65,17.60,30.48,40.97,1,Anomaly
17.63,17.97,17.98,34.06,44.51,1,Anomaly
19.62,18.97,19.40,19.45,18.23,0,Normal
21.10,21.28,21.32,38.39,36.42,1,Anomaly
22.65,22.71,23.43,23.48,22.60,0,Normal
18.66,18.74,19.07,18.47,17.92,0,Normal
21.36,22.18,21.93,22.15,21.21,0,Normal
20.73,20.70,20.43,19.36,20.57,0,Normal
22.41,22.10,21.90,23.08,22.21,0,Normal
21.93,22.58,21.87,36.83,43.79,1,Anomaly
23.18,22.44,22.52,22.73,23.05,0,Normal
18.62,18.26,19.61,19.14,18.23,0,Normal
18.39,18.33,18.72,19.98,19.22,0,Normal
18.97,18.33,19.19,18.68,19.12,0,Normal
19.35,19.27,19.11,19.31,19.74,0,Normal
21.10,20.89,21.66,20.78,21.31,0,Normal
19.11,19.01,20.11,34.29,43.72,1,Anomaly
19.93,19.42,19.17,20.04,19.77,0,Normal
20.71,21.69,20.96,22.13,22.16,0,Normal
19.18,18.74,18.48,32.47,38.84,1,Anomaly
18.37,18.27,18.76,31.02,44.98,1,Anomaly
17.91,18.19,19.00,17.65,19.13,0,Normal
19.52,18.82,18.59,19.49,18.84,0,Normal
20.19,20.97,20.19,21.32,21.56,0,Normal
18.42,17.81,18.46,17.42,18.99,0,Normal
22.30,22.54,22.74,44.93,37.59,1,Anomaly
21.12,21.88,21.11,22.03,21.36,0,Normal
21.42,22.82,21.35,21.94,22.04,0,Normal
18.45,17.83,18.05,18.03,17.39,0,Normal
20.52,20.88,21.02,21.12,21.27,0,Normal
22.15,21.66,21.44,21.94,22.09,0,Normal
21.18,20.94,21.14,21.22,22.06,0,Normal
23.83,23.60,23.42,22.97,22.80,0,Normal
20.27,19.02,20.42,40.23,44.27,1,Anomaly
20.44,20.44,19.52,20.61,20.02,0,Normal
20.34,20.44,20.87,19.81,20.37,0,Normal
22.30,21.47,21.27,20.40,20.80,0,Normal
21.28,21.59,22.20,22.34,22.56,0,Normal
19.25,20.72,19.20,19.16,19.70,0,Normal
22.07,22.13,20.53,21.42,20.65,0,Normal
21.88,21.24,22.17,22.69,21.73,0,Normal
20.44,20.13,21.25,20.18,20.63,0,Normal
22.08,22.49,22.82,22.23,23.10,0,Normal
22.83,21.90,22.77,34.33,35.30,1,Anomaly
18.45,17.63,18.37,17.29,18.73,0,Normal
21.50,21.90,21.94,22.28,22.34,0,Normal
20.36,20.10,21.08,20.26,20.05,0,Normal
18.46,19.13,18.81,44.86,42.03,1,Anomaly
22.04,22.86,21.99,33.58,35.75,1,Anomaly
20.24,20.68,21.38,21.37,20.48,0,Normal
19.32,19.36,19.38,18.55,17.93,0,Normal
21.51,21.26,20.89,20.57,20.65,0,Normal
20.30,20.28,21.28,20.32,21.86,0,Normal
17.54,18.56,17.97,18.24,18.42,0,Normal
21.27,22.13,21.99,20.85,20.64,0,Normal
19.45,19.89,21.20,20.14,21.18,0,Normal
19.00,18.52,19.96,19.05,19.83,0,Normal
21.41,21.62,20.05,21.27,20.65,0,Normal
21.59,21.85,20.57,20.81,20.94,0,Normal
22.75,22.39,20.99,41.76,44.59,1,Anomaly
20.67,19.51,20.36,19.07,20.55,0,Normal
21.93,21.56,21.47,37.16,38.57,1,Anomaly
18.24,19.40,17.47,17.80,18.07,0,Normal
19.04,19.65,19.88,18.48,19.39,0,Normal
20.49,20.90,20.80,43.04,39.37,1,Anomaly
19.89,19.00,19.32,31.63,43.56,1,Anomaly
21.56,21.25,21.68,23.02,23.18,0,Normal
22.01,21.48,21.39,38.76,36.17,1,Anomaly
17.98,19.58,18.29,18.22,19.22,0,Normal
19.60,19.91,20.36,20.22,19.93,0,Normal
21.16,22.67,21.77,22.46,21.93,0,Normal
20.34,19.81,19.92,32.50,39.20,1,Anomaly
18.48,18.30,19.86,41.73,35.93,1,Anomaly
19.36,18.72,18.59,33.31,35.88,1,Anomaly
20.23,18.92,18.86,20.15,19.17,0,Normal
18.90,20.11,19.56,34.20,40.88,1,Anomaly
19.38,19.79,20.55,19.46,20.67,0,Normal
18.19,17.96,18.82,35.04,37.43,1,Anomaly
17.97,18.67,19.19,19.47,18.36,0,Normal
21.85,22.86,23.04,21.80,21.66,0,Normal
22.66,21.37,21.85,22.56,21.86,0,Normal
19.42,19.70,19.89,20.16,20.68,0,Normal
22.65,22.18,23.00,22.00,23.19,0,Normal
20.06,20.01,19.58,37.59,38.95,1,Anomaly
22.18,22.68,23.36,33.12,35.47,1,Anomaly
17.98,18.74,18.21,40.84,44.28,1,Anomaly
21.95,22.80,22.26,22.91,22.70,0,Normal
19.41,18.55,19.17,41.87,42.50,1,Anomaly
22.65,22.59,22.10,22.48,23.41,0,Normal
19.03,18.79,18.53,18.65,19.05,0,Normal
19.56,18.73,19.91,38.52,39.57,1,Anomaly
19.23,20.12,18.83,18.86,20.18,0,Normal
20.60,21.84,21.42,30.73,43.94,1,Anomaly
20.32,19.52,20.14,19.71,20.21,0,Normal
20.62,21.44,21.72,21.52,20.70,0,Normal
21.41,22.62,21.68,21.38,21.55,0,Normal
21.89,21.83,21.75,21.38,21.38,0,Normal
20.51,20.73,21.07,21.64,21.57,0,Normal
18.12,18.04,18.85,17.44,17.38,0,Normal
17.46,17.54,18.38,18.16,17.67,0,Normal
21.59,23.17,22.82,22.76,21.61,0,Normal
22.58,22.90,23.37,22.18,22.66,0,Normal
20.75,22.52,21.38,22.41,21.58,0,Normal
20.25,19.87,20.03,19.59,20.19,0,Normal
21.81,23.07,23.14,22.60,21.93,0,Normal
22.03,22.12,21.59,35.58,39.13,1,Anomaly
18.34,18.76,18.22,19.61,18.12,0,Normal
18.42,17.82,18.32,18.71,19.54,0,Normal
20.93,22.17,21.86,30.79,38.71,1,Anomaly
18.04,18.54,18.27,44.85,38.74,1,Anomaly
19.21,18.70,20.07,18.96,19.48,0,Normal
20.26,18.56,18.55,30.74,43.16,1,Anomaly
20.44,20.25,20.32,19.46,20.59,0,Normal
22.16,23.67,22.33,23.34,22.41,0,Normal
19.99,19.47,20.06,37.60,44.42,1,Anomaly
22.24,22.59,22.62,38.45,35.97,1,Anomaly
20.32,19.98,19.84,19.43,19.71,0,Normal
20.26,19.01,19.06,19.09,19.84,0,Normal
19.04,19.78,19.77,18.97,19.73,0,Normal
21.13,21.01,22.22,22.43,22.47,0,Normal
22.29,21.47,21.97,22.09,21.88,0,Normal
22.99,22.44,22.39,22.67,21.14,0,Normal
20.27,20.07,20.97,20.07,20.85,0,Normal
23.17,21.50,21.59,35.90,40.64,1,Anomaly
21.93,20.96,21.75,21.93,20.73,0,Normal
21.14,21.80,22.16,21.56,20.55,0,Normal
20.49,19.86,20.10,37.64,42.40,1,Anomaly
20.35,20.75,20.67,20.56,20.43,0,Normal
19.67,19.57,18.71,20.11,18.22,0,Normal
19.56,19.84,19.25,19.15,20.84,0,Normal
19.47,19.43,19.52,19.72,18.09,0,Normal
22.07,22.58,21.18,22.81,22.68,0,Normal
22.86,23.15,22.46,22.14,23.04,0,Normal
20.42,22.14,22.10,21.70,22.18,0,Normal
22.47,21.89,20.92,21.94,21.67,0,Normal
22.99,22.85,21.65,40.06,35.28,1,Anomaly
19.86,20.55,20.95,19.31,20.00,0,Normal
19.86,19.47,18.75,38.25,38.53,1,Anomaly
20.69,19.08,19.19,19.67,20.65,0,Normal
18.89,20.03,19.61,19.48,18.98,0,Normal
22.35,22.94,22.17,23.03,22.33,0,Normal
18.30,19.68,18.13,19.00,18.22,0,Normal
17.79,18.13,18.66,17.56,18.37,0,Normal
23.77,22.99,23.88,22.79,23.08,0,Normal
19.52,19.41,18.90,18.83,18.61,0,Normal
18.43,19.15,20.30,18.98,19.39,0,Normal
19.67,19.35,20.32,19.44,20.53,0,Normal
19.15,19.15,19.28,18.89,19.65,0,Normal
19.55,19.05,19.58,19.69,18.59,0,Normal
19.20,20.65,20.13,38.23,40.47,1,Anomaly
20.53,20.85,20.96,20.80,22.35,0,Normal
22.60,23.37,22.03,23.10,23.08,0,Normal
22.52,20.91,20.85,39.62,44.88,1,Anomaly
17.72,17.95,18.77,39.03,41.67,1,Anomaly
19.62,19.93,20.69,20.33,20.60,0,Normal
21.68,22.05,22.74,21.91,23.38,0,Normal
19.03,19.27,20.35,19.55,20.90,0,Normal
18.09,18.44,19.36,31.89,41.63,1,Anomaly
19.54,20.29,20.67,31.94,41.18,1,Anomaly
21.44,23.28,22.75,34.76,38.24,1,Anomaly
20.63,21.54,21.39,41.23,37.98,1,Anomaly
18.82,18.88,20.29,19.27,20.45,0,Normal
22.72,22.52,23.69,22.31,22.47,0,Normal
23.02,23.34,21.97,23.90,23.10,0,Normal
17.95,18.50,18.68,18.70,18.06,0,Normal
19.38,19.62,19.26,18.52,19.67,0,Normal
21.51,20.74,20.27,20.70,20.04,0,Normal
19.05,19.33,19.57,35.18,44.84,1,Anomaly
18.91,18.64,18.22,19.40,18.73,0,Normal
19.34,18.24,19.96,18.51,19.49,0,Normal
20.93,21.22,21.12,41.25,42.76,1,Anomaly
20.41,21.06,21.71,21.55,21.84,0,Normal
22.16,23.10,21.72,21.22,22.73,0,Normal
19.16,19.24,19.34,18.50,19.18,0,Normal
22.16,21.28,22.31,22.95,22.03,0,Normal
17.86,17.32,19.11,33.15,44.08,1,Anomaly
18.89,18.17,17.99,35.48,38.31,1,Anomaly
22.08,21.19,21.28,22.26,21.45,0,Normal
20.41,19.73,20.56,20.46,19.37,0,Normal
20.69,21.51,20.75,34.22,44.28,1,Anomaly
19.87,19.63,19.85,33.46,43.78,1,Anomaly
18.76,18.99,18.47,18.24,18.74,0,Normal
22.59,21.21,22.70,22.83,22.04,0,Normal
19.39,20.55,20.34,21.04,20.47,0,Normal
20.64,19.78,20.23,20.09,20.02,0,Normal
23.10,22.45,21.59,22.65,22.27,0,Normal
21.30,21.60,21.83,43.74,35.13,1,Anomaly
23.09,23.21,22.30,23.60,22.18,0,Normal
21.58,22.36,21.64,39.42,44.32,1,Anomaly
21.37,21.10,21.83,21.85,21.01,0,Normal
20.60,21.01,21.56,35.54,41.53,1,Anomaly
18.54,18.74,17.52,17.89,17.07,0,Normal
20.64,21.72,21.06,22.25,21.77,0,Normal
20.62,20.68,21.03,21.04,21.96,0,Normal
22.86,21.77,21.92,35.25,42.63,1,Anomaly
23.26,22.49,23.25,23.53,23.86,0,Normal
20.06,20.06,20.25,21.66,20.13,0,Normal
18.93,19.14,18.23,19.08,18.73,0,Normal
22.27,20.70,21.86,21.33,22.15,0,Normal
20.18,20.06,19.62,19.60,20.85,0,Normal
21.67,21.63,21.33,44.27,36.76,1,Anomaly
22.86,21.69,23.09,35.02,41.03,1,Anomaly
18.03,18.01,18.71,18.75,18.72,0,Normal
21.08,20.43,21.61,33.18,43.09,1,Anomaly
20.96,21.37,22.34,22.56,22.37,0,Normal
20.10,19.15,19.59,19.14,20.53,0,Normal
22.89,22.71,21.95,44.80,36.16,1,Anomaly
22.32,22.42,21.47,23.30,21.58,0,Normal
19.21,19.39,19.04,18.46,18.41,0,Normal
20.37,20.25,19.52,19.45,20.80,0,Normal
21.66,21.47,20.43,20.03,20.89,0,Normal
21.93,21.62,21.74,21.89,22.23,0,Normal
21.27,21.86,22.76,39.06,39.53,1,Anomaly
21.24,19.69,20.99,21.44,20.83,0,Normal
17.48,19.09,17.78,18.63,18.61,0,Normal
22.94,22.44,22.12,22.49,22.34,0,Normal
20.90,20.82,19.64,43.59,44.21,1,Anomaly
18.29,19.56,19.06,30.47,42.91,1,Anomaly
19.85,20.38,20.17,20.25,19.40,0,Normal
23.83,23.21,23.02,23.28,22.14,0,Normal
18.35,19.59,19.22,18.19,18.16,0,Normal
20.64,20.76,20.65,21.64,21.15,0,Normal
21.75,20.54,19.99,21.05,20.18,0,Normal
20.99,21.64,20.85,20.38,21.53,0,Normal
21.15,19.38,19.53,36.78,44.03,1,Anomaly
18.85,17.61,19.22,17.70,17.71,0,Normal
19.38,19.27,20.00,36.20,39.08,1,Anomaly
21.57,22.72,22.97,21.48,22.54,0,Normal
22.97,23.29,21.89,42.29,43.69,1,Anomaly
22.18,22.12,21.80,31.06,40.51,1,Anomaly
19.89,21.08,20.32,21.69,21.24,0,Normal
18.68,19.69,18.85,18.94,18.63,0,Normal
22.35,21.35,21.57,22.50,21.66,0,Normal
20.63,21.95,22.60,21.67,20.76,0,Normal
21.90,20.75,22.45,34.00,40.93,1,Anomaly
20.66,19.32,20.05,19.21,19.00,0,Normal
19.50,18.82,18.33,40.17,40.45,1,Anomaly
21.35,21.17,22.43,21.40,22.28,0,Normal
18.76,18.22,17.84,17.94,17.30,0,Normal
18.49,19.67,18.96,19.41,18.02,0,Normal
20.42,20.35,20.20,21.59,20.62,0,Normal
21.49,22.82,21.76,22.77,22.29,0,Normal
21.96,23.05,23.38,22.87,22.78,0,Normal
22.30,20.82,21.99,20.85,22.30,0,Normal
20.63,21.84,22.04,21.68,22.41,0,Normal
22.14,22.94,22.18,22.91,22.69,0,Normal
18.49,18.83,17.59,18.74,17.66,0,Normal
22.10,22.68,21.65,22.96,22.96,0,Normal
21.52,20.43,20.35,22.05,21.32,0,Normal
20.19,19.94,21.63,20.89,20.11,0,Normal
21.21,21.09,20.92,21.29,19.82,0,Normal
22.02,22.22,22.23,21.59,21.62,0,Normal
20.09,19.95,20.13,34.12,41.14,1,Anomaly
20.37,20.55,19.23,33.34,40.20,1,Anomaly
18.14,18.55,19.03,38.94,39.41,1,Anomaly
20.72,20.11,20.49,21.59,19.95,0,Normal
23.00,21.27,22.28,38.78,35.07,1,Anomaly
20.28,20.87,20.92,21.57,20.55,0,Normal
21.55,19.68,21.54,20.46,20.06,0,Normal
20.44,18.66,19.88,19.00,18.57,0,Normal
21.00,21.85,22.20,21.90,21.32,0,Normal
23.61,22.39,22.22,22.85,22.34,0,Normal
20.92,21.88,20.50,21.50,22.19,0,Normal
20.26,20.82,21.50,41.93,37.43,1,Anomaly
18.55,18.81,18.95,44.41,44.08,1,Anomaly
19.75,18.62,18.97,19.80,18.75,0,Normal
18.96,19.80,19.61,18.87,19.97,0,Normal
20.70,21.04,22.07,21.48,22.31,0,Normal
20.26,20.57,20.88,20.79,21.34,0,Normal
22.70,22.87,23.31,23.11,22.18,0,Normal
23.03,23.30,21.87,22.13,23.04,0,Normal
19.50,19.64,20.17,18.45,19.12,0,Normal
20.07,20.60,21.06,20.24,19.70,0,Normal
18.87,20.48,19.80,20.11,18.97,0,Normal
22.47,22.56,21.98,21.31,21.85,0,Normal
23.74,23.49,22.78,23.15,22.89,0,Normal
21.63,22.35,22.06,22.39,23.39,0,Normal
19.18,20.03,18.32,18.21,18.44,0,Normal
19.50,19.70,20.11,20.55,19.35,0,Normal
21.60,21.50,21.64,32.81,37.12,1,Anomaly
20.31,21.01,20.72,38.04,37.55,1,Anomaly
19.36,18.63,18.61,17.69,18.40,0,Normal
22.17,22.49,21.51,22.18,21.80,0,Normal
19.84,18.71,19.25,19.60,19.88,0,Normal
22.58,21.51,21.92,22.98,21.22,0,Normal
18.84,19.47,20.02,18.82,19.99,0,Normal
20.21,18.31,18.95,18.35,19.15,0,Normal
19.81,18.87,18.82,18.94,18.55,0,Normal
18.91,19.32,17.48,18.51,17.73,0,Normal
22.35,23.64,23.49,22.79,22.55,0,Normal
21.06,21.29,22.15,21.41,21.60,0,Normal
18.65,17.39,18.32,18.97,17.11,0,Normal
20.33,18.94,19.86,19.05,19.51,0,Normal
18.18,19.02,18.38,19.42,19.00,0,Normal
23.21,21.44,23.11,23.02,23.05,0,Normal
18.95,19.13,18.92,20.34,20.17,0,Normal
21.79,20.29,21.39,21.92,20.28,0,Normal
21.38,21.18,21.75,22.68,22.23,0,Normal
21.33,22.99,21.60,22.63,21.64,0,Normal
22.66,22.91,22.90,23.55,21.87,0,Normal
22.19,21.76,20.94,21.96,21.86,0,Normal
20.78,20.85,20.76,21.57,20.88,0,Normal
20.33,20.39,19.53,33.39,37.82,1,Anomaly
19.32,19.33,18.23,18.96,18.54,0,Normal
21.72,22.14,20.75,36.94,38.66,1,Anomaly
20.48,20.53,19.54,31.72,37.47,1,Anomaly
21.43,22.17,22.40,38.67,40.86,1,Anomaly
17.66,18.14,19.19,18.26,19.11,0,Normal
20.17,18.98,19.68,19.32,20.03,0,Normal
18.77,17.35,18.17,19.03,17.69,0,Normal
17.56,18.25,19.32,19.44,18.78,0,Normal
21.15,22.76,22.92,31.62,41.84,1,Anomaly
22.62,22.44,22.68,21.48,22.49,0,Normal
23.03,22.58,22.14,21.57,21.81,0,Normal
18.73,20.05,19.93,19.37,20.18,0,Normal
17.88,18.66,18.23,19.01,17.73,0,Normal
20.83,20.24,21.94,44.32,40.65,1,Anomaly
19.72,20.59,20.21,20.91,19.24,0,Normal
18.69,18.70,18.69,19.23,17.93,0,Normal
21.59,21.41,22.25,20.55,22.34,0,Normal
19.49,20.34,19.09,19.59,18.52,0,Normal
20.17,20.80,19.86,20.03,20.59,0,Normal
21.96,22.03,22.69,21.97,21.64,0,Normal
20.23,19.30,18.77,18.76,20.45,0,Normal
21.70,21.08,21.85,21.59,20.20,0,Normal
18.81,19.65,18.83,35.54,43.32,1,Anomaly
20.40,20.07,21.43,21.08,19.88,0,Normal
19.14,19.35,19.06,18.96,18.38,0,Normal
22.74,22.12,21.65,21.21,21.54,0,Normal
18.94,18.26,18.37,19.07,19.29,0,Normal
19.50,19.46,18.22,19.33,18.95,0,Normal
19.57,19.48,19.52,18.77,19.48,0,Normal
18.97,18.23,18.43,18.60,18.52,0,Normal
22.40,22.12,21.66,39.52,44.36,1,Anomaly
18.87,18.37,17.72,17.88,17.96,0,Normal
18.07,19.43,19.27,43.62,42.41,1,Anomaly
19.35,18.30,19.11,18.96,17.78,0,Normal
22.78,23.19,21.92,23.81,23.07,0,Normal
19.87,20.56,19.50,38.88,41.45,1,Anomaly
20.91,19.93,20.56,43.68,36.70,1,Anomaly
22.83,21.70,21.82,21.96,23.09,0,Normal
19.96,20.20,20.16,20.29,20.84,0,Normal
20.77,20.94,21.79,21.09,22.10,0,Normal
18.62,19.18,19.82,18.11,19.96,0,Normal
22.63,22.28,22.71,42.19,38.98,1,Anomaly
20.86,19.98,20.94,21.30,21.34,0,Normal
22.14,20.70,21.47,21.52,21.81,0,Normal
21.75,21.56,21.61,21.48,22.30,0,Normal
22.38,22.41,23.12,34.81,36.03,1,Anomaly
21.74,22.32,21.42,22.67,21.17,0,Normal
21.73,21.94,21.64,21.26,21.01,0,Normal
19.64,20.65,21.04,20.15,21.09,0,Normal
17.67,17.07,18.55,17.69,18.98,0,Normal
20.52,20.02,20.04,19.65,20.47,0,Normal
23.05,23.44,21.76,22.24,22.28,0,Normal
20.10,19.83,19.75,19.87,20.72,0,Normal
19.84,18.97,20.03,19.78,19.44,0,Normal
22.75,23.71,22.47,21.78,23.16,0,Normal
20.03,19.73,21.55,40.91,37.70,1,Anomaly
18.59,18.74,18.90,19.92,19.71,0,Normal
21.96,22.06,22.97,34.72,42.77,1,Anomaly
23.08,23.44,22.48,23.65,22.82,0,Normal
20.50,21.03,20.96,19.47,20.21,0,Normal
19.16,18.22,18.89,40.07,35.71,1,Anomaly
21.29,19.89,20.75,20.40,19.95,0,Normal
21.81,21.82,22.48,22.75,22.17,0,Normal
20.25,19.73,19.62,18.78,20.05,0,Normal
17.61,18.65,19.12,18.19,18.72,0,Normal
20.37,19.35,19.91,20.83,19.61,0,Normal
20.79,19.36,19.47,19.68,20.46,0,Normal
21.60,21.51,22.24,30.54,35.16,1,Anomaly
21.08,21.88,21.57,20.74,21.95,0,Normal
21.62,20.34,20.10,20.98,20.72,0,Normal
19.61,19.38,18.71,19.98,19.67,0,Normal
19.39,19.38,19.01,19.95,20.37,0,Normal
21.39,21.90,22.96,21.00,21.31,0,Normal
20.18,20.08,21.33,38.20,42.37,1,Anomaly
19.71,19.95,19.96,20.58,20.07,0,Normal
18.86,19.11,19.63,41.81,42.24,1,Anomaly
22.03,20.93,22.34,21.09,21.78,0,Normal
20.61,19.62,20.10,20.50,20.39,0,Normal
21.82,21.69,22.25,21.03,21.12,0,Normal
22.85,22.44,21.82,42.91,36.13,1,Anomaly
19.39,19.77,19.69,18.87,19.58,0,Normal
21.96,22.56,21.04,31.08,41.76,1,Anomaly
20.43,21.46,20.62,20.72,22.13,0,Normal
22.36,22.45,23.14,22.07,22.44,0,Normal
19.62,18.30,19.18,32.97,44.21,1,Anomaly
21.95,21.37,22.94,37.99,35.20,1,Anomaly
17.72,17.83,18.35,18.04,17.59,0,Normal
23.59,21.92,23.37,23.25,23.87,0,Normal
21.02,20.62,20.84,21.82,20.29,0,Normal
19.99,19.73,20.07,37.06,43.75,1,Anomaly
22.50,22.52,22.14,38.12,39.80,1,Anomaly
20.60,21.32,21.68,20.54,21.78,0,Normal
21.75,23.50,22.26,22.14,23.64,0,Normal
21.51,21.68,22.21,21.42,21.27,0,Normal
19.00,18.51,18.96,18.98,19.19,0,Normal
18.90,19.37,18.63,42.27,37.79,1,Anomaly
22.73,21.51,21.35,22.45,22.55,0,Normal
19.69,19.18,18.03,30.41,38.72,1,Anomaly
20.51,20.30,20.98,20.12,21.76,0,Normal
18.16,17.65,19.11,17.67,18.54,0,Normal
18.72,19.68,18.68,41.32,38.94,1,Anomaly
22.61,22.01,23.25,21.60,23.34,0,Normal
20.21,18.68,19.42,19.00,18.99,0,Normal
21.05,21.97,21.86,20.49,21.90,0,Normal
21.98,22.52,22.52,36.09,42.09,1,Anomaly
18.55,18.94,18.73,17.92,18.39,0,Normal
20.31,22.09,21.77,20.88,22.04,0,Normal
21.40,22.09,22.35,22.42,22.45,0,Normal
20.87,19.80,20.36,19.78,20.99,0,Normal
20.10,19.68,20.07,19.30,20.13,0,Normal
23.00,21.41,22.56,43.33,41.58,1,Anomaly
18.28,17.96,18.43,18.66,18.49,0,Normal
22.21,21.58,21.87,21.21,21.27,0,Normal
20.67,21.23,20.92,21.47,21.91,0,Normal
17.55,17.61,18.97,18.50,19.00,0,Normal
20.75,21.17,19.76,20.57,19.56,0,Normal
19.42,19.73,18.32,33.04,37.15,1,Anomaly
20.16,21.98,20.28,21.60,21.72,0,Normal
19.90,18.87,18.79,31.60,44.73,1,Anomaly
20.73,21.42,20.81,20.92,21.07,0,Normal
20.04,20.03,20.20,20.21,19.83,0,Normal
21.99,21.75,22.21,20.41,20.33,0,Normal
20.87,20.20,20.28,19.79,21.27,0,Normal
20.72,20.32,19.30,19.63,20.18,0,Normal
19.44,19.56,18.29,18.65,19.92,0,Normal
22.63,22.70,22.77,22.40,21.70,0,Normal
20.95,21.39,20.29,20.63,21.70,0,Normal
21.21,20.89,21.51,21.55,20.88,0,Normal
19.20,18.59,18.66,35.51,44.30,1,Anomaly
21.35,22.12,22.02,22.77,22.72,0,Normal
21.89,22.80,22.41,22.06,23.00,0,Normal
17.94,18.20,18.78,37.64,44.95,1,Anomaly
18.36,18.01,19.69,18.50,18.50,0,Normal
19.71,20.63,20.31,20.42,20.14,0,Normal
20.86,20.12,21.09,21.47,19.78,0,Normal
20.81,20.52,20.87,20.73,20.82,0,Normal
18.95,18.38,18.22,18.98,18.23,0,Normal
19.64,19.58,20.29,43.77,44.19,1,Anomaly
21.75,21.24,21.89,44.46,36.40,1,Anomaly
17.98,17.65,18.18,17.79,18.33,0,Normal
23.14,22.39,22.79,22.84,23.37,0,Normal
20.09,20.21,19.55,19.95,18.44,0,Normal
19.95,18.96,20.57,32.31,36.13,1,Anomaly
21.42,21.42,20.42,19.60,19.59,0,Normal
22.68,23.18,22.45,22.32,21.62,0,Normal
22.23,21.81,20.79,31.80,38.69,1,Anomaly
20.88,20.11,21.26,21.30,20.18,0,Normal
22.70,21.85,21.74,21.47,21.19,0,Normal
17.30,17.68,18.00,18.57,18.87,0,Normal
22.23,22.58,23.52,22.35,22.62,0,Normal
19.08,20.86,20.50,39.65,37.69,1,Anomaly
19.52,18.39,19.64,19.51,18.31,0,Normal
20.87,20.82,21.52,22.39,21.08,0,Normal
22.52,21.78,22.11,39.77,39.99,1,Anomaly
17.78,18.67,17.52,19.23,17.90,0,Normal
19.64,19.51,18.98,18.86,19.98,0,Normal
19.30,19.05,20.24,34.24,36.28,1,Anomaly
20.94,20.98,20.10,21.06,20.41,0,Normal
19.27,19.56,19.91,19.78,19.31,0,Normal
22.96,23.50,22.49,23.42,23.22,0,Normal
19.46,18.67,19.54,18.64,19.68,0,Normal
17.86,17.27,18.43,40.93,35.33,1,Anomaly
19.24,19.24,21.05,19.26,20.75,0,Normal
19.47,18.64,19.41,19.07,19.25,0,Normal
21.80,21.39,22.10,33.59,35.86,1,Anomaly
18.97,18.87,20.19,19.62,19.24,0,Normal
20.72,21.02,21.10,35.25,37.28,1,Anomaly
21.78,21.02,22.25,22.03,22.13,0,Normal
18.94,19.47,19.93,19.35,18.50,0,Normal
19.01,19.22,18.74,18.25,18.46,0,Normal
20.63,19.88,19.48,38.90,42.18,1,Anomaly
19.09,19.78,19.83,20.48,19.98,0,Normal
22.20,20.90,22.48,21.42,20.99,0,Normal
23.50,23.12,22.96,23.12,22.03,0,Normal
18.26,17.66,18.51,17.26,19.07,0,Normal
22.21,21.88,21.84,22.28,22.26,0,Normal
20.92,20.51,21.63,20.88,21.45,0,Normal
22.08,21.87,22.19,22.95,21.65,0,Normal
19.16,19.32,20.96,20.89,20.82,0,Normal
22.49,22.28,22.52,22.76,22.42,0,Normal
21.57,22.22,22.22,22.72,21.80,0,Normal
18.48,18.58,20.17,19.36,19.16,0,Normal
23.33,21.89,22.01,35.09,42.13,1,Anomaly
22.68,21.60,21.43,22.29,21.14,0,Normal
17.88,17.64,17.92,17.42,18.79,0,Normal
21.73,21.43,21.74,21.36,20.56,0,Normal
18.11,18.18,17.48,18.03,18.20,0,Normal
20.30,21.00,20.54,22.15,20.76,0,Normal
21.77,23.23,22.13,23.34,21.88,0,Normal
18.87,17.36,17.33,17.54,17.19,0,Normal
19.37,19.47,18.03,18.58,18.48,0,Normal
20.88,21.23,20.79,42.70,43.13,1,Anomaly
19.78,18.34,19.18,19.39,20.03,0,Normal
20.12,21.07,20.25,19.25,19.44,0,Normal
22.82,21.48,22.85,22.80,21.01,0,Normal
17.63,17.93,19.36,17.60,19.35,0,Normal
21.95,21.51,21.32,22.35,21.69,0,Normal
19.83,19.98,18.80,19.20,19.98,0,Normal
21.72,21.87,22.43,22.29,22.94,0,Normal
22.61,22.18,22.01,42.37,39.71,1,Anomaly
20.35,19.64,20.21,35.92,44.94,1,Anomaly
18.81,18.01,18.03,18.59,18.89,0,Normal
19.03,18.97,20.53,19.81,20.67,0,Normal
22.83,22.14,21.88,22.44,22.36,0,Normal
19.29,18.02,18.02,18.09,17.90,0,Normal
20.63,19.73,20.88,20.58,20.79,0,Normal
22.67,21.64,21.39,21.92,22.12,0,Normal
20.87,20.02,19.13,18.95,19.92,0,Normal
20.05,19.83,19.50,19.30,20.33,0,Normal
18.19,19.64,19.67,39.22,43.05,1,Anomaly
17.42,18.70,18.14,17.76,17.71,0,Normal
19.95,19.42,19.81,19.73,19.59,0,Normal
20.57,20.42,20.06,19.33,19.33,0,Normal
22.65,21.88,22.38,42.09,37.03,1,Anomaly
18.21,17.36,17.83,43.34,40.62,1,Anomaly
21.01,21.52,20.75,20.81,20.53,0,Normal
21.25,20.97,22.31,21.65,20.73,0,Normal
19.85,19.59,21.26,41.99,38.33,1,Anomaly
23.10,21.68,22.65,21.73,22.03,0,Normal
21.83,23.55,22.58,22.30,23.56,0,Normal
21.40,21.67,22.62,21.12,20.99,0,Normal
22.05,23.30,23.12,23.70,23.08,0,Normal
19.86,20.43,19.14,19.08,20.30,0,Normal
22.02,20.98,21.29,22.14,21.11,0,Normal
21.23,22.40,21.92,21.09,22.48,0,Normal
19.97,19.62,19.63,39.82,40.50,1,Anomaly
18.85,18.94,18.99,18.38,18.69,0,Normal
19.11,17.85,18.80,18.65,18.94,0,Normal
22.96,22.30,22.89,23.88,23.73,0,Normal
19.36,20.17,20.24,18.49,20.22,0,Normal
20.36,20.27,19.90,20.10,20.20,0,Normal
21.91,22.11,21.14,22.50,22.21,0,Normal
19.89,20.41,19.70,40.74,38.62,1,Anomaly
19.73,20.84,19.20,18.98,20.56,0,Normal
18.55,18.99,18.30,17.52,17.85,0,Normal
22.49,22.60,22.10,23.17,22.98,0,Normal
19.05,18.13,19.17,18.12,18.02,0,Normal
19.06,19.22,19.64,20.84,20.51,0,Normal
20.86,20.50,21.76,20.00,21.92,0,Normal
18.87,17.86,19.09,18.66,19.16,0,Normal
20.82,20.18,20.19,19.52,20.09,0,Normal
19.63,19.07,19.31,20.18,19.88,0,Normal
19.99,19.63,19.16,37.32,43.74,1,Anomaly
18.31,18.53,19.05,19.40,17.89,0,Normal
20.75,21.41,22.57,33.58,40.55,1,Anomaly
20.80,21.98,22.20,37.90,37.06,1,Anomaly
22.12,20.85,20.98,44.83,44.31,1,Anomaly
22.03,21.45,22.04,37.30,35.61,1,Anomaly
18.73,19.84,19.12,18.63,20.06,0,Normal
22.15,21.78,21.77,20.80,21.58,0,Normal
21.53,22.93,21.57,21.20,21.44,0,Normal
17.92,18.69,17.93,17.99,18.53,0,Normal
19.02,18.56,18.79,19.92,18.70,0,Normal
18.14,19.73,18.59,19.17,19.55,0,Normal
20.16,20.35,19.95,20.88,20.54,0,Normal
22.50,23.20,21.81,21.93,22.00,0,Normal
18.43,17.23,18.83,30.43,36.44,1,Anomaly
19.89,18.75,18.36,36.08,39.53,1,Anomaly
20.72,19.85,20.02,21.14,21.21,0,Normal
22.94,23.09,22.14,22.90,22.15,0,Normal
19.91,19.23,18.66,34.58,39.07,1,Anomaly
20.18,19.26,19.15,19.41,20.08,0,Normal
20.70,22.22,22.39,21.64,21.26,0,Normal
22.86,22.05,22.00,34.53,37.68,1,Anomaly
21.93,21.29,22.33,21.50,22.18,0,Normal
20.36,19.92,19.63,20.85,19.69,0,Normal
21.22,22.10,23.00,30.29,36.92,1,Anomaly
21.31,20.56,21.96,21.70,21.31,0,Normal
17.60,17.49,19.08,41.12,37.28,1,Anomaly
18.01,18.37,19.39,18.11,18.08,0,Normal
21.64,22.15,23.11,22.90,21.47,0,Normal
19.72,20.25,19.72,19.46,20.03,0,Normal
19.71,20.13,20.62,42.12,39.17,1,Anomaly
21.97,22.63,21.75,22.85,21.73,0,Normal
22.39,23.22,21.89,30.80,41.26,1,Anomaly
21.06,20.19,19.28,20.85,20.87,0,Normal
17.89,18.02,17.79,19.01,18.67,0,Normal
19.96,20.78,19.52,20.45,20.24,0,Normal
21.95,22.03,22.47,22.49,22.92,0,Normal
21.71,22.92,22.01,22.42,21.26,0,Normal
22.89,22.26,22.13,21.74,21.79,0,Normal
18.24,17.99,18.52,18.09,18.53,0,Normal
22.85,22.01,22.42,21.94,22.66,0,Normal
21.76,21.32,21.94,22.71,22.42,0,Normal
19.40,18.63,20.27,19.10,18.62,0,Normal
21.70,22.54,22.12,21.60,21.80,0,Normal
19.74,20.25,19.96,20.39,20.56,0,Normal
20.25,20.66,20.22,21.19,20.27,0,Normal
18.66,18.79,18.32,19.37,17.84,0,Normal
19.69,20.78,20.14,20.29,20.19,0,Normal
17.85,18.38,18.66,31.62,35.59,1,Anomaly
18.12,17.33,17.25,19.16,18.20,0,Normal
19.19,19.86,19.46,20.39,19.53,0,Normal
19.63,20.36,19.82,20.73,19.98,0,Normal
21.77,22.08,22.20,32.21,44.19,1,Anomaly
20.86,21.15,22.17,31.82,43.20,1,Anomaly
21.79,21.58,22.03,31.34,35.84,1,Anomaly
19.28,19.20,19.35,20.89,20.19,0,Normal
20.29,20.71,20.42,19.97,20.87,0,Normal
19.18,18.55,18.58,19.03,20.25,0,Normal
18.92,19.66,19.86,32.39,38.02,1,Anomaly
21.56,22.08,21.50,20.69,20.78,0,Normal
17.60,17.90,18.08,18.41,17.77,0,Normal
19.29,19.37,19.63,18.59,19.10,0,Normal
21.96,21.60,21.96,20.91,20.57,0,Normal
19.65,20.06,19.30,20.58,19.59,0,Normal
20.45,20.31,20.63,19.85,19.36,0,Normal
19.41,19.71,18.03,19.47,17.76,0,Normal
19.51,18.84,19.18,17.73,19.44,0,Normal
20.10,20.41,20.76,19.25,20.46,0,Normal
22.14,23.02,22.65,22.52,22.40,0,Normal
19.83,19.44,20.90,20.28,20.43,0,Normal
21.26,20.90,20.79,21.08,21.42,0,Normal
20.56,20.60,18.75,19.03,18.86,0,Normal
20.31,19.62,18.48,18.75,19.46,0,Normal
21.73,21.61,22.10,21.10,20.74,0,Normal
19.90,18.16,19.28,18.75,18.59,0,Normal
20.31,19.45,19.67,40.99,44.59,1,Anomaly
22.59,21.88,21.71,43.02,37.65,1,Anomaly
23.08,23.56,22.71,23.03,22.67,0,Normal
22.85,22.65,23.01,42.75,43.00,1,Anomaly
20.17,21.28,20.18,19.97,20.12,0,Normal
18.73,19.78,18.70,20.49,19.84,0,Normal
21.69,22.30,20.53,42.02,39.90,1,Anomaly
18.64,20.33,20.18,18.86,19.61,0,Normal
21.40,22.42,21.83,42.76,44.09,1,Anomaly
20.51,19.97,20.35,20.09,20.86,0,Normal
18.66,18.43,19.32,40.85,39.27,1,Anomaly
18.17,18.04,19.06,32.84,36.65,1,Anomaly
20.67,20.59,20.99,21.74,21.42,0,Normal
19.56,20.72,19.46,18.94,19.14,0,Normal
22.51,22.36,20.96,42.39,37.93,1,Anomaly
19.27,17.83,18.61,19.29,17.83,0,Normal
18.88,17.93,18.43,17.64,18.84,0,Normal
21.57,20.71,21.77,21.07,19.99,0,Normal
21.17,21.75,21.53,38.07,39.32,1,Anomaly
18.80,19.39,18.86,18.12,19.63,0,Normal
21.15,20.09,20.18,21.23,20.88,0,Normal
17.84,19.14,18.74,18.85,18.71,0,Normal
18.36,19.57,19.79,18.78,19.57,0,Normal
20.59,20.99,20.47,19.44,21.17,0,Normal
18.24,18.59,19.13,30.90,36.31,1,Anomaly
20.64,21.37,19.75,20.74,20.88,0,Normal
20.87,21.19,20.67,20.15,21.06,0,Normal
22.67,22.03,22.97,23.71,23.55,0,Normal
22.56,23.03,21.62,22.96,21.72,0,Normal
18.28,17.91,18.78,18.76,18.24,0,Normal
19.47,21.01,19.73,20.51,19.47,0,Normal
21.32,22.56,21.44,22.57,21.10,0,Normal
19.69,18.97,18.40,18.93,18.81,0,Normal
22.91,21.91,21.97,22.61,22.88,0,Normal
21.11,20.89,21.20,21.31,21.52,0,Normal
20.20,21.40,21.78,21.40,21.12,0,Normal
19.51,17.92,19.59,19.15,19.32,0,Normal
21.28,21.61,21.35,22.24,22.25,0,Normal
17.60,18.73,18.59,17.74,19.17,0,Normal
18.82,18.50,19.56,39.26,35.83,1,Anomaly
17.56,18.23,18.12,17.32,17.25,0,Normal
20.19,20.15,20.67,38.25,38.33,1,Anomaly
19.39,19.79,18.99,19.55,19.18,0,Normal
18.54,19.55,18.35,19.16,19.19,0,Normal
22.27,22.80,22.74,21.92,21.35,0,Normal
19.89,20.00,18.68,18.65,18.85,0,Normal
18.49,18.99,19.60,18.22,18.28,0,Normal
23.28,23.94,22.31,23.81,23.79,0,Normal
19.98,20.01,20.12,18.96,20.03,0,Normal
20.30,20.27,20.81,43.14,41.30,1,Anomaly
18.16,17.77,18.69,42.97,41.77,1,Anomaly
20.17,19.79,18.94,35.45,39.06,1,Anomaly
19.56,18.18,19.57,18.34,18.16,0,Normal
20.08,19.97,18.59,18.73,18.53,0,Normal
20.34,20.92,19.81,20.57,20.16,0,Normal
23.51,23.28,21.80,22.28,22.28,0,Normal
23.12,21.37,21.23,41.38,43.07,1,Anomaly
17.87,19.08,18.42,19.19,18.65,0,Normal
20.65,20.09,19.73,20.19,19.96,0,Normal
21.95,23.07,22.07,22.32,21.89,0,Normal
20.35,20.27,19.41,20.36,20.52,0,Normal
18.61,19.15,18.87,18.78,19.74,0,Normal
21.68,22.37,22.27,21.31,22.49,0,Normal
17.22,17.68,18.73,17.63,18.41,0,Normal
19.32,18.46,18.64,18.85,20.04,0,Normal
19.92,19.15,19.22,20.97,20.37,0,Normal
21.93,21.33,21.33,20.32,22.12,0,Normal
21.87,22.48,22.75,22.93,21.37,0,Normal
20.59,21.45,20.96,21.33,20.90,0,Normal
21.46,22.24,20.73,21.98,21.53,0,Normal
19.10,19.52,19.93,19.91,20.67,0,Normal
20.70,20.51,21.29,20.31,21.47,0,Normal
21.56,23.34,22.54,21.69,21.64,0,Normal
20.47,20.51,21.08,20.94,20.27,0,Normal
23.76,22.15,22.44,23.00,22.65,0,Normal
18.42,19.84,19.03,44.81,44.02,1,Anomaly
20.33,20.33,20.25,20.56,21.04,0,Normal
18.66,18.57,18.19,19.06,18.47,0,Normal
20.09,19.57,19.41,32.83,40.27,1,Anomaly
19.44,19.08,19.13,38.14,43.45,1,Anomaly
21.43,22.13,21.22,22.18,22.56,0,Normal
19.01,18.63,19.75,38.83,41.96,1,Anomaly
19.94,20.48,20.26,19.97,20.32,0,Normal
20.09,21.52,20.77,20.80,20.92,0,Normal
21.11,19.58,19.68,39.26,39.81,1,Anomaly
22.33,20.89,20.92,36.87,43.66,1,Anomaly
22.35,21.28,21.53,22.27,21.58,0,Normal
18.94,20.87,20.14,20.30,19.48,0,Normal
18.23,18.81,18.88,19.00,19.03,0,Normal
21.13,21.08,21.29,22.00,20.71,0,Normal
19.37,18.89,18.80,19.66,18.64,0,Normal
22.75,22.12,21.88,21.86,22.42,0,Normal
20.65,19.83,20.66,19.80,20.60,0,Normal
21.83,21.29,21.95,23.07,22.96,0,Normal
18.37,19.24,19.23,18.29,19.33,0,Normal
18.83,18.97,18.73,19.00,19.51,0,Normal
20.38,20.03,20.71,20.10,19.39,0,Normal
22.13,22.14,21.31,22.06,21.71,0,Normal
19.93,20.22,19.75,21.25,21.16,0,Normal
20.79,21.17,20.31,19.27,20.97,0,Normal
19.39,20.10,20.49,19.88,20.79,0,Normal
19.53,18.67,18.64,19.04,20.26,0,Normal
21.20,22.10,21.31,38.24,40.72,1,Anomaly
22.76,21.90,23.20,33.82,40.42,1,Anomaly
19.47,18.28,18.44,34.53,35.73,1,Anomaly
21.90,20.54,20.98,39.77,37.52,1,Anomaly
22.27,22.37,22.24,22.13,23.55,0,Normal
18.46,19.58,19.58,18.30,19.03,0,Normal
21.72,20.89,21.07,20.51,21.09,0,Normal
20.53,21.10,20.07,20.77,21.88,0,Normal
17.77,18.78,19.11,18.81,18.57,0,Normal
21.68,21.50,20.14,21.73,21.42,0,Normal
21.35,21.19,20.64,19.85,20.35,0,Normal
20.79,19.82,20.17,20.81,20.81,0,Normal
22.25,22.04,21.68,22.22,21.27,0,Normal
19.23,19.00,19.39,18.22,19.01,0,Normal
17.52,18.11,17.97,18.00,17.93,0,Normal
21.22,21.18,21.33,35.39,42.89,1,Anomaly
21.55,21.51,22.51,22.49,22.84,0,Normal
18.20,19.15,17.49,18.22,19.03,0,Normal
22.10,21.27,20.70,34.64,39.06,1,Anomaly
21.49,21.65,21.39,22.24,21.65,0,Normal
19.79,20.15,19.70,37.87,38.88,1,Anomaly
21.13,20.94,19.45,34.45,42.07,1,Anomaly
21.59,22.50,20.94,35.51,40.96,1,Anomaly
20.52,19.27,20.17,20.56,19.93,0,Normal
22.16,21.07,20.79,41.74,43.92,1,Anomaly
18.63,18.12,19.63,19.42,18.28,0,Normal
21.02,21.94,21.02,20.75,20.89,0,Normal
18.70,20.20,20.01,35.21,35.93,1,Anomaly
18.58,18.89,17.80,18.83,19.03,0,Normal
22.75,23.23,23.19,23.02,22.80,0,Normal
22.55,22.65,23.50,36.00,39.56,1,Anomaly
21.70,21.72,20.85,20.79,21.70,0,Normal
23.08,22.82,23.03,36.16,42.08,1,Anomaly
22.68,22.43,22.05,38.58,38.93,1,Anomaly
19.73,18.80,18.33,18.73,20.15,0,Normal
18.54,18.67,17.23,18.25,17.72,0,Normal
17.51,18.60,18.31,17.93,17.60,0,Normal
21.38,22.10,22.04,22.02,21.82,0,Normal
18.76,18.05,17.99,19.80,19.72,0,Normal
22.55,21.50,21.59,22.43,21.23,0,Normal
21.67,20.66,21.29,20.96,21.65,0,Normal
18.81,17.83,17.73,17.95,17.93,0,Normal
20.68,20.82,22.49,21.84,21.12,0,Normal
18.20,18.28,18.25,18.62,18.39,0,Normal
22.44,22.45,21.55,21.99,22.39,0,Normal
19.25,19.35,19.90,19.61,19.75,0,Normal
19.08,18.09,17.37,19.01,18.57,0,Normal
21.93,22.24,22.33,22.19,21.61,0,Normal
20.72,19.23,19.04,19.62,18.88,0,Normal
23.10,23.01,22.02,22.82,22.31,0,Normal
20.47,20.86,20.83,20.27,21.13,0,Normal
17.93,19.75,18.52,17.99,18.27,0,Normal
18.26,18.05,18.98,36.92,35.54,1,Anomaly
23.23,22.42,23.30,22.31,23.68,0,Normal
21.18,20.86,21.25,21.99,21.89,0,Normal
19.87,20.84,20.34,20.28,20.26,0,Normal
20.39,21.32,20.37,20.63,19.84,0,Normal
19.99,19.06,20.32,19.12,20.39,0,Normal
20.54,19.31,19.79,20.38,20.99,0,Normal
21.72,23.48,23.37,22.10,22.23,0,Normal
22.57,22.45,22.43,30.83,37.52,1,Anomaly
22.22,22.57,22.61,41.33,42.18,1,Anomaly
21.45,19.99,20.92,19.98,19.97,0,Normal
19.41,18.60,19.36,19.17,18.91,0,Normal
19.42,20.34,20.10,38.61,35.24,1,Anomaly
18.41,18.81,18.96,18.75,18.07,0,Normal
20.31,20.77,19.37,19.74,20.46,0,Normal
17.45,18.79,18.40,31.05,42.04,1,Anomaly
21.93,23.56,22.06,43.26,40.80,1,Anomaly
21.33,21.18,20.73,21.77,20.70,0,Normal
17.51,18.16,19.14,19.05,17.70,0,Normal
22.73,22.58,23.50,23.77,23.26,0,Normal
20.01,20.20,19.20,34.54,42.57,1,Anomaly
21.52,20.95,21.20,20.63,21.12,0,Normal
22.18,21.87,22.19,22.58,21.33,0,Normal
19.89,21.23,20.62,32.77,41.56,1,Anomaly
19.38,18.73,19.10,19.44,18.49,0,Normal
20.28,19.53,19.13,31.57,40.35,1,Anomaly
18.24,18.24,19.23,18.16,18.52,0,Normal
19.13,19.88,20.58,19.45,20.64,0,Normal
19.74,19.70,19.44,20.37,18.86,0,Normal
21.83,23.63,23.35,37.44,44.49,1,Anomaly
20.58,20.48,21.05,34.64,37.20,1,Anomaly
18.86,18.65,18.08,19.02,18.14,0,Normal
20.54,19.81,20.08,38.57,43.17,1,Anomaly
21.60,19.94,19.83,21.33,21.58,0,Normal
19.21,20.81,20.04,20.25,19.55,0,Normal
22.82,22.48,21.40,21.26,23.02,0,Normal
20.49,19.90,21.17,19.96,20.71,0,Normal
22.43,21.90,22.12,38.61,39.51,1,Anomaly
19.91,19.02,20.07,19.62,18.85,0,Normal
23.59,22.73,22.07,40.87,37.94,1,Anomaly
21.75,21.55,22.38,22.65,21.85,0,Normal
18.63,19.02,19.13,18.98,19.46,0,Normal
22.76,21.72,22.46,23.25,23.05,0,Normal
19.87,19.51,18.55,19.88,18.46,0,Normal
19.45,19.47,18.34,18.23,19.12,0,Normal
19.15,17.74,18.99,18.01,18.79,0,Normal
22.55,21.87,22.00,34.79,39.16,1,Anomaly
21.03,21.47,19.68,20.56,21.02,0,Normal
20.75,21.34,20.38,21.55,20.35,0,Normal
19.10,18.21,18.37,19.14,19.23,0,Normal
20.47,20.61,19.86,39.74,36.79,1,Anomaly
19.08,19.44,19.00,44.90,36.29,1,Anomaly
20.51,20.33,20.02,20.81,21.68,0,Normal
19.26,18.05,18.56,19.63,19.24,0,Normal
18.51,18.83,19.68,19.25,19.69,0,Normal
22.67,23.38,22.67,22.32,23.35,0,Normal
21.89,21.58,21.56,21.90,22.03,0,Normal
19.23,17.76,18.80,18.40,17.51,0,Normal
18.86,19.43,18.09,18.52,18.78,0,Normal
18.92,18.57,18.85,18.76,18.41,0,Normal
20.14,20.36,21.04,40.09,41.95,1,Anomaly
20.82,21.31,21.02,21.01,21.36,0,Normal
22.97,21.87,22.30,36.31,36.29,1,Anomaly
20.81,20.47,20.67,20.95,21.47,0,Normal
21.80,21.93,23.15,21.67,21.73,0,Normal
20.35,19.78,20.37,19.97,19.14,0,Normal
18.15,19.11,17.73,17.74,18.78,0,Normal
19.04,18.99,18.66,31.59,39.06,1,Anomaly
19.35,19.56,20.32,20.48,19.23,0,Normal
17.41,19.13,17.78,18.72,19.15,0,Normal
17.52,18.23,17.22,17.39,17.74,0,Normal
20.35,18.74,19.06,19.76,19.84,0,Normal
18.80,18.43,19.77,18.05,18.92,0,Normal
20.45,21.94,21.99,37.29,38.92,1,Anomaly
22.38,22.98,22.16,30.39,43.09,1,Anomaly
21.69,20.69,21.59,20.17,20.97,0,Normal
21.72,21.06,20.96,20.56,21.54,0,Normal
19.74,18.62,18.54,44.23,41.19,1,Anomaly
18.10,19.00,19.16,35.70,41.89,1,Anomaly
17.53,19.47,18.65,34.09,43.96,1,Anomaly
18.26,18.06,19.30,18.45,19.10,0,Normal
21.13,21.09,22.50,22.72,21.35,0,Normal
20.74,20.55,21.20,20.76,20.95,0,Normal
19.34,20.05,20.20,31.57,41.65,1,Anomaly
20.22,20.44,20.06,20.86,21.42,0,Normal
21.59,20.71,20.49,21.01,21.00,0,Normal
21.13,21.67,20.97,20.54,21.18,0,Normal
21.63,22.42,22.08,23.13,22.84,0,Normal
22.10,22.30,21.71,32.85,44.49,1,Anomaly
22.15,21.14,22.58,22.76,22.24,0,Normal
18.29,18.91,18.01,19.44,18.78,0,Normal
22.28,23.43,22.69,22.04,23.33,0,Normal
20.64,21.31,20.70,21.02,21.09,0,Normal
20.86,21.51,21.62,19.92,21.28,0,Normal
20.21,21.20,20.16,33.16,40.50,1,Anomaly
20.87,21.05,22.28,22.70,21.68,0,Normal
21.42,22.81,21.88,22.93,23.13,0,Normal
21.64,20.78,21.39,39.89,42.18,1,Anomaly
17.54,17.59,17.18,38.20,43.76,1,Anomaly
21.04,20.71,22.19,20.71,21.92,0,Normal
21.18,21.88,21.71,22.05,20.70,0,Normal
22.17,21.32,21.82,21.82,22.25,0,Normal
20.99,22.70,21.98,21.31,21.12,0,Normal
19.25,19.53,19.02,39.31,42.41,1,Anomaly
21.49,21.53,21.98,37.34,41.10,1,Anomaly
21.19,20.82,20.49,21.21,21.32,0,Normal
18.74,18.95,18.88,19.53,18.95,0,Normal
18.72,17.26,18.19,18.45,18.59,0,Normal
18.08,18.47,18.18,19.52,19.40,0,Normal
20.83,19.25,19.96,19.76,20.07,0,Normal
19.37,19.48,20.61,19.72,19.60,0,Normal
19.94,19.12,18.97,20.39,20.07,0,Normal
20.94,20.80,21.01,21.02,22.00,0,Normal
21.83,23.44,22.07,22.58,22.39,0,Normal
20.27,21.12,21.04,21.28,21.65,0,Normal
21.79,23.36,22.10,22.12,22.20,0,Normal
19.78,19.30,19.07,19.68,19.83,0,Normal
22.11,22.68,22.76,31.99,36.84,1,Anomaly
19.87,20.57,19.03,20.02,18.61,0,Normal
18.86,18.96,19.47,30.07,44.31,1,Anomaly
19.74,19.22,19.21,19.37,19.15,0,Normal
19.64,19.36,19.36,19.04,18.01,0,Normal
21.74,22.37,21.64,23.04,21.13,0,Normal
22.54,21.15,22.94,31.57,42.62,1,Anomaly
22.52,22.32,21.57,22.25,22.77,0,Normal
18.38,18.45,19.23,18.86,19.84,0,Normal
19.43,19.15,19.79,19.26,20.36,0,Normal
20.03,19.47,18.42,38.03,43.17,1,Anomaly
18.37,17.68,17.56,39.32,37.69,1,Anomaly
22.58,22.12,21.16,41.88,35.50,1,Anomaly
22.97,23.33,23.48,22.51,21.99,0,Normal
22.48,21.66,22.53,44.57,42.84,1,Anomaly
20.09,20.69,21.33,20.88,21.13,0,Normal
21.52,21.16,22.05,30.73,42.91,1,Anomaly
22.02,22.42,23.07,22.66,22.35,0,Normal
20.79,21.32,21.57,20.21,20.50,0,Normal
22.01,22.34,21.71,42.91,39.65,1,Anomaly
20.68,20.90,20.74,20.50,19.84,0,Normal
22.25,22.47,20.96,21.04,22.47,0,Normal
19.22,18.76,17.97,32.46,36.48,1,Anomaly
19.96,18.34,18.18,18.50,19.66,0,Normal
22.31,23.14,21.84,22.94,23.26,0,Normal
21.62,21.32,22.47,21.51,22.66,0,Normal
17.90,17.54,18.34,34.41,40.10,1,Anomaly
20.09,19.69,20.63,32.69,42.14,1,Anomaly
20.06,21.13,20.06,35.09,44.21,1,Anomaly
22.05,21.40,22.74,22.41,23.04,0,Normal
20.18,18.82,18.67,19.53,19.17,0,Normal
22.14,22.23,22.76,21.98,23.54,0,Normal
21.18,20.75,21.20,21.93,21.15,0,Normal
23.17,23.26,22.34,22.48,21.52,0,Normal
20.82,21.57,21.08,21.88,22.13,0,Normal
21.47,21.39,19.68,20.29,21.40,0,Normal
21.20,21.39,21.67,41.35,38.09,1,Anomaly
21.88,22.37,21.47,38.22,36.11,1,Anomaly
20.31,20.84,20.47,44.85,36.97,1,Anomaly
20.25,19.95,21.17,20.18,20.36,0,Normal
21.01,21.19,22.14,38.04,42.42,1,Anomaly
17.52,18.67,17.34,17.68,18.60,0,Normal
22.40,21.06,21.16,36.01,43.88,1,Anomaly
18.92,19.08,18.38,18.83,18.19,0,Normal
21.87,20.88,22.06,22.02,21.52,0,Normal
17.80,17.37,17.40,17.63,18.17,0,Normal
19.90,19.35,20.31,41.88,44.66,1,Anomaly
20.91,22.60,21.64,44.32,38.21,1,Anomaly
21.31,23.02,21.16,21.30,22.90,0,Normal
19.16,19.66,19.77,41.87,37.26,1,Anomaly
22.02,23.09,22.89,23.24,22.41,0,Normal
19.53,19.19,18.88,40.45,38.11,1,Anomaly
19.65,19.67,19.03,44.32,44.38,1,Anomaly
19.76,19.91,19.11,20.74,19.23,0,Normal
21.21,20.47,20.71,30.95,42.08,1,Anomaly
19.02,18.48,19.06,19.24,18.64,0,Normal
23.08,22.70,22.22,22.44,21.38,0,Normal
19.21,19.31,19.82,20.64,20.48,0,Normal
22.68,22.52,22.74,22.80,22.28,0,Normal
21.13,20.11,21.44,20.16,21.32,0,Normal
23.28,21.88,22.19,32.82,43.38,1,Anomaly
21.18,21.36,20.05,20.99,20.90,0,Normal
17.96,18.33,19.50,19.27,18.10,0,Normal
20.69,21.05,19.86,20.57,19.49,0,Normal
18.37,18.35,18.43,37.31,38.52,1,Anomaly
21.90,21.44,21.36,21.00,22.26,0,Normal
22.49,23.86,23.21,23.58,23.01,0,Normal
22.46,21.53,23.24,22.59,23.38,0,Normal
19.00,19.29,18.46,18.12,18.97,0,Normal
22.57,21.76,21.56,23.22,22.49,0,Normal
18.53,19.19,19.23,18.76,19.62,0,Normal
18.41,17.56,18.43,36.82,36.26,1,Anomaly
22.83,22.41,22.33,22.55,21.57,0,Normal
23.66,23.38,22.35,23.92,22.41,0,Normal
22.63,21.19,21.07,22.75,21.35,0,Normal
20.54,21.43,21.18,20.62,21.09,0,Normal
21.82,22.56,22.21,31.06,38.46,1,Anomaly
21.84,21.41,20.44,21.21,20.76,0,Normal
19.10,19.99,19.26,20.65,19.44,0,Normal
18.78,19.27,19.20,18.95,18.44,0,Normal
21.95,21.85,22.05,21.30,20.68,0,Normal
20.98,20.17,19.61,19.50,20.05,0,Normal
19.96,19.79,19.87,33.61,36.27,1,Anomaly
21.72,20.32,21.26,20.53,20.24,0,Normal
19.98,18.92,20.10,19.92,20.34,0,Normal
20.49,19.25,20.35,38.00,37.62,1,Anomaly
21.01,20.90,21.74,21.21,20.90,0,Normal
19.66,20.15,19.85,18.70,18.92,0,Normal
19.91,19.20,19.68,19.11,19.87,0,Normal
22.92,23.03,22.61,22.40,22.59,0,Normal
20.33,20.45,20.56,21.48,19.97,0,Normal
23.18,22.29,22.98,21.80,22.93,0,Normal
22.35,22.54,23.01,22.09,23.92,0,Normal
23.25,21.59,22.34,43.44,43.87,1,Anomaly
23.21,21.59,23.22,21.95,22.97,0,Normal
22.39,22.35,23.51,30.27,36.22,1,Anomaly
22.48,22.09,22.90,35.64,42.36,1,Anomaly
20.96,22.86,21.35,21.32,21.40,0,Normal
19.14,19.94,19.38,18.96,18.74,0,Normal
20.61,20.45,20.77,20.31,20.47,0,Normal
19.07,19.46,19.48,18.37,19.71,0,Normal
18.42,20.06,19.26,34.92,35.05,1,Anomaly
22.10,21.14,20.57,42.71,44.55,1,Anomaly
22.62,21.62,23.09,22.93,23.20,0,Normal
20.82,20.51,21.55,20.79,20.86,0,Normal
20.26,20.28,20.19,20.68,21.07,0,Normal
19.99,18.26,18.75,41.41,38.57,1,Anomaly
19.15,19.71,19.58,43.69,39.24,1,Anomaly
20.60,19.83,20.15,19.20,19.90,0,Normal
21.76,22.47,22.62,22.50,22.10,0,Normal
20.76,20.73,20.59,20.40,20.08,0,Normal
20.28,21.35,21.01,21.84,22.04,0,Normal
22.02,22.01,22.38,21.55,22.81,0,Normal
21.94,21.09,21.57,21.46,21.82,0,Normal
19.33,18.82,18.42,20.09,20.04,0,Normal
21.63,21.56,23.08,22.54,22.91,0,Normal
17.99,18.79,17.54,40.03,39.76,1,Anomaly
21.07,21.64,22.17,21.64,22.55,0,Normal
22.80,22.84,23.33,21.89,22.62,0,Normal
23.08,22.07,22.60,36.46,35.21,1,Anomaly
19.31,18.73,19.08,19.00,18.35,0,Normal
20.22,20.26,20.61,20.55,19.10,0,Normal
18.66,17.78,17.92,33.05,43.79,1,Anomaly
18.46,18.16,19.03,17.67,19.30,0,Normal
19.03,17.82,18.43,38.80,36.20,1,Anomaly
23.66,21.77,22.23,21.96,23.51,0,Normal
21.89,21.83,23.24,23.14,22.78,0,Normal
17.92,18.61,17.43,18.16,18.51,0,Normal
22.43,22.11,21.52,21.35,22.12,0,Normal
22.94,21.91,22.86,21.77,21.86,0,Normal
21.55,20.45,21.71,32.30,43.78,1,Anomaly
20.05,21.57,20.29,20.22,20.30,0,Normal
17.88,18.18,19.08,30.42,40.20,1,Anomaly
22.09,23.04,22.86,22.98,21.44,0,Normal
19.53,20.00,19.73,19.14,19.67,0,Normal
18.31,19.42,19.67,19.71,18.52,0,Normal
21.30,20.62,21.77,41.33,35.48,1,Anomaly
21.31,21.48,21.74,41.57,37.40,1,Anomaly
18.81,18.81,20.51,34.22,38.38,1,Anomaly
19.54,19.61,17.99,17.94,19.02,0,Normal
19.81,19.24,18.97,18.57,19.47,0,Normal
19.13,17.29,18.85,17.38,18.88,0,Normal
17.35,19.06,18.82,17.72,17.33,0,Normal
20.82,19.12,19.56,43.11,36.06,1,Anomaly
18.10,18.06,19.49,18.21,18.88,0,Normal
20.25,19.97,21.15,30.28,44.62,1,Anomaly
20.52,21.01,20.41,39.89,37.41,1,Anomaly
19.23,19.65,19.15,32.90,35.95,1,Anomaly
21.83,22.55,21.64,21.39,21.39,0,Normal
19.09,20.47,19.40,20.53,20.54,0,Normal
20.09,20.70,21.01,21.31,20.39,0,Normal
22.62,22.75,22.14,23.31,22.66,0,Normal
17.68,18.79,17.58,19.48,19.17,0,Normal
21.76,22.05,22.01,21.51,21.43,0,Normal
18.47,17.59,18.91,18.96,17.96,0,Normal
22.70,23.40,21.97,22.43,23.43,0,Normal
21.76,20.84,21.50,43.95,39.90,1,Anomaly
17.63,17.33,17.16,18.14,17.74,0,Normal
21.37,22.00,21.04,33.28,41.55,1,Anomaly
20.64,19.93,19.22,19.12,20.00,0,Normal
18.72,20.33,19.77,19.72,18.66,0,Normal
21.48,20.72,21.39,19.88,20.20,0,Normal
19.82,21.48,21.35,35.93,39.28,1,Anomaly
17.26,17.19,17.42,18.59,18.66,0,Normal
20.75,20.94,19.20,20.60,20.56,0,Normal
21.19,20.98,21.78,21.48,22.06,0,Normal
19.47,20.79,21.14,19.63,20.67,0,Normal
21.73,20.89,20.90,22.30,20.80,0,Normal
19.76,20.53,19.02,20.27,19.88,0,Normal
23.44,22.82,23.26,23.40,22.16,0,Normal
18.30,19.05,20.09,41.83,44.11,1,Anomaly
19.96,18.66,18.92,20.09,19.38,0,Normal
20.88,21.43,21.50,39.05,37.38,1,Anomaly
21.27,23.08,23.08,39.03,43.35,1,Anomaly
21.21,21.11,22.17,21.44,21.05,0,Normal
21.14,20.65,21.68,20.19,21.71,0,Normal
23.03,22.04,21.28,32.92,37.62,1,Anomaly
20.84,20.78,20.09,20.51,21.55,0,Normal
23.53,23.63,23.83,22.83,23.11,0,Normal
18.17,19.05,19.14,18.84,18.05,0,Normal
19.61,19.83,19.55,34.79,38.59,1,Anomaly
18.30,18.91,18.70,19.08,19.21,0,Normal
23.05,23.08,22.56,21.49,22.09,0,Normal
20.52,20.90,20.96,20.78,21.00,0,Normal
19.63,19.36,20.40,36.53,41.62,1,Anomaly
18.42,19.08,18.98,20.20,20.16,0,Normal
18.82,20.18,20.26,19.20,18.94,0,Normal
19.82,19.70,19.30,41.99,43.61,1,Anomaly
21.32,21.34,22.64,40.03,36.51,1,Anomaly
17.97,18.52,17.73,17.44,17.98,0,Normal
18.57,19.05,18.95,42.23,44.81,1,Anomaly
20.47,20.22,20.75,32.04,38.57,1,Anomaly
17.89,18.39,17.72,18.53,18.47,0,Normal
18.93,19.74,18.55,18.75,18.65,0,Normal
18.48,18.37,17.53,18.42,19.21,0,Normal
22.22,21.81,22.12,41.87,41.15,1,Anomaly
22.90,21.81,21.53,23.08,22.72,0,Normal
19.14,19.96,19.92,19.66,20.75,0,Normal
19.02,19.52,19.69,20.53,20.65,0,Normal
19.30,20.31,20.62,36.47,37.24,1,Anomaly
21.71,21.27,21.76,41.63,39.13,1,Anomaly
22.13,20.39,22.04,22.20,20.46,0,Normal
22.03,21.94,22.57,23.31,21.83,0,Normal
23.55,23.58,22.26,22.03,22.39,0,Normal
21.49,22.41,22.33,22.53,21.65,0,Normal
19.13,20.02,19.16,20.53,20.36,0,Normal
19.91,20.05,21.41,19.57,20.83,0,Normal
22.73,23.08,22.35,22.62,22.67,0,Normal
22.34,22.00,22.45,31.71,44.04,1,Anomaly
20.50,20.75,20.57,21.12,21.58,0,Normal
23.48,22.67,22.89,22.32,22.73,0,Normal
21.95,20.83,21.28,21.98,21.63,0,Normal
19.43,20.00,20.29,20.27,20.00,0,Normal
20.16,19.72,21.42,21.18,20.29,0,Normal
20.66,21.76,20.71,19.99,20.98,0,Normal
18.33,17.69,19.37,43.54,41.62,1,Anomaly
20.44,19.23,20.56,20.58,20.53,0,Normal
19.09,19.57,18.58,33.46,41.59,1,Anomaly
22.50,23.09,23.80,39.54,37.42,1,Anomaly
23.40,22.17,21.80,23.01,21.79,0,Normal
19.21,18.71,17.83,18.08,17.74,0,Normal
19.78,19.24,19.48,19.48,20.91,0,Normal
22.46,22.25,22.44,22.56,21.72,0,Normal
21.53,20.74,21.41,19.95,21.17,0,Normal
20.05,20.88,19.23,20.40,20.32,0,Normal
19.21,20.24,19.37,20.27,19.88,0,Normal
19.38,19.52,19.93,19.19,19.77,0,Normal
21.67,20.01,20.27,21.32,19.93,0,Normal
18.57,19.51,18.58,19.32,19.05,0,Normal
20.98,20.81,22.07,39.18,39.61,1,Anomaly
19.97,19.40,18.55,19.45,18.36,0,Normal
20.84,20.47,20.60,21.53,20.13,0,Normal
18.43,18.49,18.52,19.27,18.36,0,Normal
18.93,20.17,20.03,19.34,19.57,0,Normal
20.28,20.89,21.15,20.28,20.88,0,Normal
20.64,20.74,21.47,20.67,21.37,0,Normal
22.37,22.38,22.69,21.97,22.15,0,Normal
18.84,19.63,20.21,43.27,41.83,1,Anomaly
22.26,23.03,21.54,22.70,23.04,0,Normal
19.39,19.61,18.65,30.01,37.51,1,Anomaly
20.36,19.60,19.24,34.26,40.34,1,Anomaly
21.79,21.59,20.85,21.83,21.78,0,Normal
18.44,19.90,18.47,18.10,18.92,0,Normal
18.74,20.19,19.78,19.47,18.33,0,Normal
21.93,22.43,22.28,36.83,37.12,1,Anomaly
23.18,22.81,23.35,34.23,41.92,1,Anomaly
21.71,21.73,23.60,32.40,44.69,1,Anomaly
19.04,19.19,20.13,20.40,20.40,0,Normal
19.54,19.26,18.90,19.19,19.01,0,Normal
20.75,21.41,20.84,32.91,38.13,1,Anomaly
20.53,21.70,20.95,20.63,21.47,0,Normal
21.51,21.17,20.23,21.41,21.02,0,Normal
20.87,19.79,19.67,32.53,38.14,1,Anomaly
20.35,21.05,20.88,20.94,20.33,0,Normal
18.36,17.26,18.23,17.93,18.78,0,Normal
20.04,20.22,21.21,39.85,40.55,1,Anomaly
20.21,21.70,21.43,21.45,21.25,0,Normal
19.32,18.71,20.42,20.02,20.25,0,Normal
19.03,19.14,19.89,32.25,38.61,1,Anomaly
18.33,18.19,17.71,19.08,19.25,0,Normal
23.09,22.26,23.34,37.16,38.33,1,Anomaly
19.88,19.98,19.18,43.14,38.48,1,Anomaly
23.21,21.70,22.35,21.78,21.64,0,Normal
22.92,22.81,22.41,36.08,39.20,1,Anomaly
20.02,19.54,20.07,36.63,39.46,1,Anomaly
23.44,22.97,22.70,22.43,22.15,0,Normal
20.02,20.41,19.70,19.76,20.38,0,Normal
18.51,19.47,17.50,33.70,42.74,1,Anomaly
19.54,18.58,19.19,43.96,44.45,1,Anomaly
20.27,21.56,20.29,21.26,20.89,0,Normal
18.39,19.35,18.72,19.32,19.02,0,Normal
19.48,18.21,18.22,19.82,18.12,0,Normal
18.57,18.36,18.40,19.84,19.45,0,Normal
18.47,18.04,17.52,18.95,18.44,0,Normal
19.52,19.09,19.10,18.18,19.09,0,Normal
17.61,18.86,18.59,17.31,17.44,0,Normal
21.35,21.42,21.27,35.17,37.04,1,Anomaly
18.96,18.93,18.00,39.14,37.82,1,Anomaly
19.84,21.14,20.31,19.43,20.99,0,Normal
22.89,22.12,21.81,21.92,23.02,0,Normal
22.14,20.41,21.65,20.36,20.72,0,Normal
22.18,21.74,22.33,21.93,21.92,0,Normal
22.72,22.75,22.71,21.20,22.34,0,Normal
21.60,22.97,22.00,21.94,22.78,0,Normal
19.36,19.18,20.55,33.34,43.46,1,Anomaly
23.09,21.83,22.21,23.72,22.89,0,Normal
21.80,22.07,23.69,42.50,40.77,1,Anomaly
18.43,19.38,19.36,17.73,18.17,0,Normal
22.44,23.37,23.05,21.93,22.69,0,Normal
19.53,18.86,18.66,19.39,18.55,0,Normal
22.15,21.68,22.65,23.30,21.83,0,Normal
18.72,18.98,19.88,19.65,18.24,0,Normal
19.43,19.33,20.75,20.41,20.83,0,Normal
19.88,19.76,20.70,20.50,20.16,0,Normal
22.43,22.60,22.98,21.44,21.54,0,Normal
22.15,23.22,22.28,22.47,23.10,0,Normal
20.46,21.36,22.01,21.79,20.50,0,Normal
17.83,18.21,18.40,17.69,17.95,0,Normal
22.05,21.49,21.71,21.57,20.74,0,Normal
20.64,19.68,20.79,19.99,19.67,0,Normal
20.64,19.12,20.44,19.00,19.34,0,Normal
20.57,19.54,19.52,19.70,20.42,0,Normal
22.69,21.72,22.42,20.83,21.90,0,Normal
19.37,19.26,19.09,19.16,18.41,0,Normal
21.61,20.55,21.73,35.33,38.96,1,Anomaly
21.21,20.36,20.75,22.19,20.81,0,Normal
22.11,23.22,22.44,23.27,22.95,0,Normal
19.28,18.87,17.88,19.16,19.29,0,Normal
21.71,20.79,21.65,21.51,21.49,0,Normal
17.91,17.04,18.84,17.42,18.01,0,Normal
23.24,22.55,22.37,22.54,22.49,0,Normal
18.94,19.07,17.50,17.45,19.24,0,Normal
22.78,22.38,21.32,33.41,41.15,1,Anomaly
22.09,22.35,21.76,21.79,22.07,0,Normal
21.70,21.40,20.72,21.62,21.83,0,Normal
17.75,19.27,18.76,18.15,17.44,0,Normal
20.33,20.73,19.43,19.62,18.99,0,Normal
20.87,20.04,20.36,21.27,19.96,0,Normal
22.39,22.68,22.41,38.20,37.90,1,Anomaly
17.73,17.41,17.34,35.86,37.30,1,Anomaly
20.84,20.27,20.79,20.88,20.57,0,Normal
19.93,20.77,21.26,20.92,20.64,0,Normal
19.29,20.73,19.67,19.23,20.93,0,Normal
22.71,23.35,22.47,31.09,40.55,1,Anomaly
20.71,20.41,19.93,20.76,20.31,0,Normal
18.77,17.97,18.05,17.89,17.84,0,Normal
22.33,22.34,23.47,44.75,36.04,1,Anomaly
20.94,21.01,21.08,20.72,19.94,0,Normal
21.56,21.07,20.76,32.59,39.43,1,Anomaly
23.14,22.94,22.74,23.73,23.28,0,Normal
21.58,20.82,22.58,39.21,37.78,1,Anomaly
22.81,21.75,22.89,22.34,22.16,0,Normal
18.22,18.86,19.33,18.34,19.25,0,Normal
19.59,19.63,18.40,31.16,36.95,1,Anomaly
19.11,17.68,19.46,19.27,17.85,0,Normal
19.04,18.75,18.18,41.71,35.42,1,Anomaly
18.74,19.30,18.58,19.49,19.12,0,Normal
20.87,20.23,21.13,20.84,21.45,0,Normal
18.80,19.54,18.99,38.92,41.19,1,Anomaly
21.91,20.31,20.74,21.56,21.08,0,Normal
19.49,20.52,19.67,21.08,20.37,0,Normal
18.49,18.45,18.56,19.43,18.50,0,Normal
20.29,20.52,20.45,36.60,36.73,1,Anomaly
20.82,21.36,21.53,37.51,44.83,1,Anomaly
19.07,19.40,18.39,34.60,40.62,1,Anomaly
18.72,18.91,17.63,38.98,36.81,1,Anomaly
21.00,21.54,20.63,20.48,20.51,0,Normal
21.15,20.21,20.05,19.42,19.94,0,Normal
18.52,18.90,18.84,39.04,39.01,1,Anomaly
19.20,20.11,20.41,44.99,43.90,1,Anomaly
20.58,19.96,21.02,21.23,20.12,0,Normal
18.08,18.30,18.91,18.33,18.84,0,Normal
20.08,20.36,20.07,20.22,21.08,0,Normal
20.98,20.64,22.06,31.03,38.48,1,Anomaly
18.56,18.34,17.30,17.20,18.04,0,Normal
21.19,21.61,20.61,21.37,21.45,0,Normal
18.84,18.41,18.29,33.79,39.58,1,Anomaly
18.84,19.03,19.35,38.27,39.12,1,Anomaly
20.07,19.56,19.57,20.69,20.12,0,Normal
20.93,20.02,20.48,21.23,20.90,0,Normal
19.48,20.01,20.33,19.53,19.76,0,Normal
19.05,18.84,18.97,19.76,20.16,0,Normal
22.76,23.82,23.26,33.33,43.43,1,Anomaly
20.00,20.89,19.93,30.60,43.03,1,Anomaly
19.80,19.63,20.93,38.18,37.65,1,Anomaly
22.60,21.96,22.33,21.54,21.72,0,Normal
19.76,18.24,19.98,19.54,18.28,0,Normal
21.56,21.38,20.62,22.55,21.34,0,Normal
20.83,20.02,20.82,19.96,20.31,0,Normal
19.12,18.87,17.98,19.01,19.15,0,Normal
17.75,17.70,17.94,31.02,38.22,1,Anomaly
20.84,20.30,20.43,19.78,20.36,0,Normal
18.07,18.73,17.17,17.18,18.68,0,Normal
19.39,20.46,20.51,44.35,37.87,1,Anomaly
22.69,22.23,22.70,22.24,22.30,0,Normal
20.87,21.98,20.95,21.69,20.86,0,Normal
22.65,21.63,20.89,21.54,21.58,0,Normal
22.41,22.73,21.43,21.38,21.62,0,Normal
22.41,23.13,23.47,22.59,23.23,0,Normal
19.65,19.94,20.11,34.45,37.82,1,Anomaly
20.19,19.81,21.53,43.55,42.23,1,Anomaly
22.06,21.79,22.01,23.14,23.55,0,Normal
18.97,19.35,19.26,20.17,19.20,0,Normal
19.11,17.88,17.76,18.99,18.13,0,Normal
21.42,20.38,19.49,39.58,44.46,1,Anomaly
21.36,22.77,22.35,32.12,42.18,1,Anomaly
19.64,18.38,19.66,39.94,40.47,1,Anomaly
19.93,19.43,19.78,44.94,38.32,1,Anomaly
21.13,20.42,20.45,20.45,21.08,0,Normal
19.92,19.24,19.88,19.30,19.10,0,Normal
21.98,20.95,20.26,20.72,20.55,0,Normal
22.05,22.74,21.69,23.33,23.27,0,Normal
20.54,20.91,21.13,20.99,21.58,0,Normal
19.56,20.10,19.85,19.96,20.60,0,Normal
22.95,23.20,22.61,34.10,37.96,1,Anomaly
22.62,22.41,21.22,35.38,41.13,1,Anomaly
18.29,18.09,17.54,17.59,18.33,0,Normal
19.11,19.77,20.98,19.61,19.49,0,Normal
18.95,18.52,17.17,18.15,18.32,0,Normal
19.66,19.83,18.97,18.82,19.63,0,Normal
19.46,20.68,19.98,40.96,36.63,1,Anomaly
18.97,20.01,18.89,19.96,20.41,0,Normal
20.85,19.02,19.57,19.35,19.06,0,Normal
22.20,20.70,20.98,21.44,20.76,0,Normal
19.65,19.20,19.47,18.23,19.51,0,Normal
20.13,21.04,20.29,20.91,20.56,0,Normal
21.99,21.30,22.08,22.28,21.74,0,Normal
19.78,20.16,20.68,19.12,19.73,0,Normal
19.36,18.83,19.59,41.17,43.19,1,Anomaly
19.53,20.74,20.94,20.92,19.25,0,Normal
20.04,20.83,20.05,19.72,20.42,0,Normal
19.04,19.13,18.84,18.18,19.13,0,Normal
22.70,22.32,21.12,21.94,21.69,0,Normal
22.38,22.26,21.57,22.36,22.46,0,Normal
19.03,19.56,19.57,19.45,18.28,0,Normal
19.85,20.57,19.18,19.51,18.70,0,Normal
19.82,20.19,18.91,38.29,39.91,1,Anomaly
19.39,19.17,19.38,17.71,17.84,0,Normal
21.86,22.15,22.42,22.24,22.64,0,Normal
19.24,19.07,18.71,40.55,36.12,1,Anomaly
21.18,21.69,21.70,21.99,21.00,0,Normal
17.96,18.36,18.54,18.57,19.25,0,Normal
22.75,21.87,21.03,21.21,21.39,0,Normal
18.41,17.57,19.22,39.00,35.52,1,Anomaly
18.92,19.42,19.50,19.20,19.44,0,Normal
19.26,19.30,20.43,19.73,19.60,0,Normal
20.72,20.09,20.49,20.92,19.66,0,Normal
19.86,19.53,20.03,18.65,18.88,0,Normal
18.03,19.43,19.04,32.42,38.55,1,Anomaly
23.09,22.87,22.11,44.63,42.45,1,Anomaly
20.47,20.53,19.51,20.31,21.02,0,Normal
19.83,20.02,19.28,31.50,41.43,1,Anomaly
19.04,17.91,17.97,19.02,18.65,0,Normal
19.41,20.91,20.98,19.87,21.31,0,Normal
19.93,18.73,19.83,38.54,41.77,1,Anomaly
20.95,19.75,20.37,20.57,20.82,0,Normal
22.02,22.23,21.85,34.29,37.15,1,Anomaly
20.93,20.10,21.17,19.95,19.54,0,Normal
19.57,18.74,19.54,18.78,19.79,0,Normal
21.73,20.45,21.86,21.38,20.44,0,Normal
20.30,19.04,20.57,19.60,20.64,0,Normal
22.56,22.30,22.65,23.85,22.34,0,Normal
21.94,21.90,21.79,21.24,20.43,0,Normal
21.89,22.11,22.02,22.96,21.80,0,Normal
20.29,20.03,18.69,18.95,20.03,0,Normal
19.05,18.44,20.09,19.77,19.88,0,Normal
17.92,18.51,17.47,17.68,18.55,0,Normal
20.61,20.07,20.82,21.56,20.85,0,Normal
17.61,17.46,18.71,18.57,18.01,0,Normal
20.73,21.65,20.67,20.56,21.22,0,Normal
21.09,21.09,20.92,22.27,21.21,0,Normal
19.45,19.71,19.21,18.95,19.21,0,Normal
20.12,20.39,19.14,19.19,19.93,0,Normal
20.84,21.52,19.98,20.23,21.06,0,Normal
23.44,22.71,21.91,38.73,42.81,1,Anomaly
18.17,17.83,19.06,18.94,19.51,0,Normal
18.19,17.38,18.48,35.45,41.53,1,Anomaly
21.16,22.38,21.27,21.30,21.46,0,Normal
18.70,17.93,19.33,19.11,19.11,0,Normal
21.50,21.63,22.47,22.21,22.26,0,Normal
18.44,17.91,18.16,17.72,19.20,0,Normal
21.02,20.76,21.90,21.01,20.36,0,Normal
19.86,20.09,18.94,20.10,19.86,0,Normal
18.26,17.61,18.72,18.86,18.10,0,Normal
19.48,19.51,19.75,19.90,19.27,0,Normal
20.90,19.97,19.87,21.39,20.02,0,Normal
18.97,19.38,18.66,18.53,19.81,0,Normal
22.83,22.26,21.23,21.78,22.11,0,Normal
23.13,22.62,23.22,22.96,22.01,0,Normal
22.35,22.95,22.02,44.17,36.10,1,Anomaly
21.19,22.54,22.56,21.26,21.38,0,Normal
21.76,22.03,23.50,22.88,22.19,0,Normal
19.89,20.63,19.47,19.16,19.47,0,Normal
19.44,19.20,20.74,19.17,20.36,0,Normal
19.67,20.81,20.26,19.54,19.55,0,Normal
21.86,22.73,22.55,37.84,37.96,1,Anomaly
18.75,17.64,19.30,18.72,19.20,0,Normal
21.69,20.69,22.06,22.22,22.00,0,Normal
21.50,21.22,19.84,21.58,20.59,0,Normal
19.18,17.84,17.92,18.83,18.22,0,Normal
22.52,22.05,21.51,42.35,42.44,1,Anomaly
18.94,18.43,18.72,43.04,35.05,1,Anomaly
21.43,20.82,22.02,22.03,22.51,0,Normal
20.77,22.46,22.25,22.03,20.84,0,Normal
22.21,22.95,21.96,23.81,22.28,0,Normal
23.68,21.92,22.06,22.81,22.88,0,Normal
18.69,17.63,18.95,18.93,17.62,0,Normal
18.25,18.03,18.90,35.64,36.29,1,Anomaly
19.81,20.17,20.35,21.02,20.79,0,Normal
20.06,18.77,19.26,19.02,18.72,0,Normal
18.76,19.39,17.73,18.00,19.48,0,Normal
19.76,18.31,19.62,17.87,19.03,0,Normal
21.98,22.51,22.23,39.67,39.82,1,Anomaly
20.87,20.40,20.29,20.46,19.40,0,Normal
18.85,19.64,18.82,19.84,19.16,0,Normal
21.84,21.84,22.46,22.12,23.28,0,Normal
22.97,21.98,22.81,23.52,22.00,0,Normal
20.44,21.37,21.61,20.73,21.49,0,Normal
22.97,23.53,23.68,30.36,38.17,1,Anomaly
19.50,18.03,19.09,19.49,19.15,0,Normal
18.29,17.70,18.95,18.47,18.23,0,Normal
18.41,17.76,17.76,17.58,17.39,0,Normal
21.39,20.81,21.96,21.30,20.32,0,Normal
22.41,21.84,22.38,23.13,23.21,0,Normal
21.28,21.27,22.53,40.96,44.87,1,Anomaly
22.63,22.78,22.06,22.00,21.84,0,Normal
17.73,18.39,17.63,44.74,38.08,1,Anomaly
20.72,20.42,20.06,21.07,21.61,0,Normal
22.51,21.82,21.59,44.27,40.46,1,Anomaly
21.82,22.29,21.15,30.91,41.69,1,Anomaly
21.76,22.40,21.37,22.25,22.02,0,Normal
21.10,20.83,22.25,21.86,22.16,0,Normal
19.39,18.81,19.28,36.91,35.11,1,Anomaly
20.34,20.20,20.26,20.19,20.25,0,Normal
21.49,21.64,20.79,33.87,37.69,1,Anomaly
19.41,19.11,18.89,18.72,19.57,0,Normal
20.78,20.06,21.37,21.94,21.53,0,Normal
18.42,19.86,19.69,18.96,18.37,0,Normal
21.74,22.37,22.20,21.29,21.01,0,Normal
19.28,19.05,18.92,19.19,19.66,0,Normal
20.64,20.63,20.41,32.46,38.95,1,Anomaly
21.62,21.03,21.93,22.00,21.88,0,Normal
21.17,21.94,21.12,30.76,42.56,1,Anomaly
19.30,20.61,20.83,18.86,19.75,0,Normal
22.66,22.53,23.55,31.41,43.66,1,Anomaly
22.17,21.53,21.32,20.84,21.87,0,Normal
22.61,21.81,21.98,22.50,22.17,0,Normal
21.51,19.99,20.36,19.93,21.54,0,Normal
20.81,20.97,21.74,20.77,20.67,0,Normal
23.53,22.63,22.80,22.86,22.78,0,Normal
22.88,23.26,21.48,38.54,38.35,1,Anomaly
20.64,20.72,21.73,20.98,21.72,0,Normal
19.73,20.76,18.96,32.05,40.30,1,Anomaly
21.37,21.81,20.98,33.59,35.15,1,Anomaly
21.80,21.62,20.83,32.21,39.27,1,Anomaly
20.48,21.09,20.81,21.10,19.71,0,Normal
18.99,19.04,19.00,35.39,41.38,1,Anomaly
19.03,18.65,19.52,18.49,19.24,0,Normal
20.59,20.09,20.23,20.20,20.49,0,Normal
20.62,20.56,21.81,21.49,21.75,0,Normal
21.11,21.71,20.73,20.01,20.94,0,Normal
22.30,22.27,22.17,21.02,21.71,0,Normal
17.78,19.20,18.29,17.66,17.43,0,Normal
18.07,19.73,19.45,36.71,44.13,1,Anomaly
18.50,18.73,19.06,40.11,36.44,1,Anomaly
22.78,22.81,21.82,21.61,23.23,0,Normal
21.84,20.93,20.66,42.76,36.40,1,Anomaly
20.95,20.01,19.22,20.28,19.37,0,Normal
22.02,21.35,22.76,44.73,39.19,1,Anomaly
19.37,19.25,20.50,19.01,20.04,0,Normal
23.18,23.48,22.16,22.46,22.59,0,Normal
19.88,20.18,20.03,19.57,18.96,0,Normal
19.86,18.88,19.60,19.35,19.61,0,Normal
19.61,19.53,18.94,19.18,18.98,0,Normal
19.45,18.15,17.96,30.28,35.25,1,Anomaly
20.56,21.24,20.19,36.90,44.23,1,Anomaly
22.24,22.63,22.13,44.77,36.48,1,Anomaly
21.84,22.02,23.75,22.56,22.56,0,Normal
21.20,21.12,20.04,31.67,43.52,1,Anomaly
19.62,19.53,19.83,19.80,19.43,0,Normal
20.68,20.12,20.91,20.47,20.26,0,Normal
22.43,22.96,22.35,21.76,21.90,0,Normal
18.45,18.45,18.46,18.34,17.79,0,Normal
23.05,23.25,22.68,40.99,37.77,1,Anomaly
18.96,19.16,19.04,20.64,18.83,0,Normal
21.85,23.67,22.23,22.43,22.68,0,Normal
22.72,22.69,22.83,23.18,22.75,0,Normal
21.77,21.48,20.48,20.94,21.65,0,Normal
19.62,20.98,19.46,32.77,38.82,1,Anomaly
23.54,21.95,22.00,32.07,36.91,1,Anomaly
22.88,22.28,22.13,22.14,22.91,0,Normal
23.10,22.28,21.89,22.55,22.08,0,Normal
19.22,19.19,19.88,19.91,18.07,0,Normal
18.96,19.03,18.34,19.94,19.56,0,Normal
17.51,18.56,17.22,18.14,18.80,0,Normal
19.46,18.31,18.17,19.31,18.27,0,Normal
18.74,18.01,17.99,19.19,18.48,0,Normal
21.99,22.55,23.21,23.33,22.67,0,Normal
20.55,21.14,21.39,20.95,20.74,0,Normal
21.66,22.80,23.43,23.22,21.75,0,Normal
19.10,20.18,20.88,19.53,19.77,0,Normal
19.60,19.09,18.53,34.90,38.75,1,Anomaly
20.60,22.24,21.32,44.97,40.50,1,Anomaly
20.68,20.00,19.55,36.20,39.87,1,Anomaly
20.18,18.98,19.65,19.44,19.42,0,Normal
17.13,17.93,18.07,18.21,17.28,0,Normal
21.86,20.90,20.48,31.60,42.45,1,Anomaly
19.42,20.43,18.91,19.70,19.41,0,Normal
21.39,21.16,21.40,21.24,22.51,0,Normal
18.95,18.80,18.37,18.38,18.86,0,Normal
19.16,19.72,19.00,19.99,19.11,0,Normal
21.22,22.18,20.89,22.32,21.18,0,Normal
21.82,23.18,23.33,23.66,23.38,0,Normal
20.72,21.10,21.76,21.17,20.85,0,Normal
19.46,18.01,17.77,39.70,42.89,1,Anomaly
19.68,19.69,20.96,20.47,20.29,0,Normal
21.29,20.03,21.12,20.42,21.54,0,Normal
20.87,20.37,20.19,20.62,20.81,0,Normal
22.49,21.97,23.74,21.78,22.29,0,Normal
21.25,21.99,21.90,20.34,20.36,0,Normal
23.34,21.91,22.50,22.54,22.17,0,Normal
20.10,19.96,20.03,18.35,18.97,0,Normal
22.16,21.90,22.64,23.04,22.29,0,Normal
21.51,21.81,22.16,31.02,37.61,1,Anomaly
20.41,21.48,20.44,20.82,21.83,0,Normal
21.44,21.38,21.95,21.43,22.02,0,Normal
23.27,23.37,22.09,22.26,21.73,0,Normal
21.54,21.22,20.90,21.05,22.15,0,Normal
20.19,20.66,21.20,21.03,20.37,0,Normal
19.56,18.08,18.42,38.15,39.32,1,Anomaly
20.56,21.47,21.61,19.93,21.44,0,Normal
18.49,19.19,20.12,41.77,42.97,1,Anomaly
17.97,18.38,18.56,18.07,19.07,0,Normal
21.11,20.56,21.13,21.15,19.94,0,Normal
21.00,19.83,21.12,20.27,21.07,0,Normal
18.04,17.50,18.26,17.42,17.64,0,Normal
18.12,18.09,18.47,44.52,42.55,1,Anomaly
17.45,17.74,18.25,38.89,37.57,1,Anomaly
22.65,22.71,22.96,23.27,23.29,0,Normal
18.14,18.82,18.00,19.28,18.00,0,Normal
18.59,17.66,17.96,17.75,18.24,0,Normal
21.26,21.22,21.77,20.68,21.02,0,Normal
18.05,18.34,19.63,19.12,19.53,0,Normal
19.27,19.97,18.62,30.51,37.88,1,Anomaly
19.19,19.24,20.51,19.88,20.01,0,Normal
21.23,20.37,20.29,20.72,21.37,0,Normal
20.75,20.72,20.75,38.74,42.26,1,Anomaly
19.29,19.50,19.55,20.55,20.20,0,Normal
17.77,17.89,18.67,17.47,17.50,0,Normal
20.58,21.46,21.52,21.24,20.31,0,Normal
22.98,21.89,23.01,42.76,37.96,1,Anomaly
17.64,18.28,18.89,34.74,35.80,1,Anomaly
22.32,21.93,22.76,21.21,21.84,0,Normal
19.65,20.21,19.08,19.85,19.09,0,Normal
18.22,18.35,17.23,18.21,18.92,0,Normal
18.54,18.32,18.91,19.11,18.22,0,Normal
20.51,19.75,20.15,19.18,19.52,0,Normal
21.73,20.86,21.34,21.87,20.61,0,Normal
18.79,18.90,19.69,18.92,19.27,0,Normal
19.84,19.82,18.90,20.23,20.32,0,Normal
21.72,20.88,21.81,21.96,21.83,0,Normal
21.41,20.83,22.02,22.40,21.06,0,Normal
23.06,22.11,23.37,22.60,23.10,0,Normal
18.61,17.94,17.86,17.58,18.27,0,Normal
22.62,21.54,22.46,41.06,37.18,1,Anomaly
20.54,19.49,19.84,43.66,37.02,1,Anomaly
17.53,18.87,17.61,18.73,18.65,0,Normal
22.12,21.53,21.80,22.02,21.18,0,Normal
19.77,19.88,19.95,19.69,20.68,0,Normal
21.38,19.79,21.64,20.52,20.34,0,Normal
22.36,22.02,22.26,22.85,23.44,0,Normal
18.87,18.18,17.92,18.82,18.64,0,Normal
20.28,18.50,19.45,19.26,18.56,0,Normal
20.31,20.49,19.68,19.08,19.43,0,Normal
22.88,22.94,22.64,23.06,21.87,0,Normal
19.18,17.58,17.48,18.89,18.30,0,Normal
21.07,20.20,19.68,19.45,21.06,0,Normal
22.31,22.04,22.94,42.90,42.90,1,Anomaly
21.95,20.18,20.97,42.78,44.17,1,Anomaly
22.83,23.35,22.51,31.54,44.58,1,Anomaly
20.64,21.66,20.48,22.01,20.86,0,Normal
22.51,22.84,22.10,22.79,22.87,0,Normal
23.03,22.59,22.99,22.10,21.86,0,Normal
21.55,21.29,21.82,20.49,21.63,0,Normal
21.85,23.44,23.29,23.23,21.82,0,Normal
19.67,20.05,19.96,20.33,19.52,0,Normal
18.85,17.21,18.40,17.38,18.55,0,Normal
21.44,22.32,22.02,33.49,42.34,1,Anomaly
19.20,19.27,18.57,35.69,42.91,1,Anomaly
20.30,19.69,19.68,18.56,19.62,0,Normal
18.91,20.28,19.68,20.16,19.48,0,Normal
21.39,21.01,20.58,21.43,20.54,0,Normal
22.17,22.12,22.42,22.65,21.64,0,Normal
22.80,22.29,22.02,23.09,23.59,0,Normal
18.62,18.28,19.39,19.72,17.90,0,Normal
17.92,18.67,17.52,18.48,18.05,0,Normal
19.15,19.38,19.17,18.87,20.34,0,Normal
23.40,22.06,22.81,21.57,22.14,0,Normal
20.30,19.69,21.01,33.29,44.56,1,Anomaly
18.73,17.41,17.86,18.46,18.64,0,Normal
20.58,21.89,21.07,22.01,21.00,0,Normal
22.68,22.85,21.94,32.96,42.10,1,Anomaly
22.27,21.44,21.72,21.99,21.84,0,Normal
19.94,20.77,19.07,30.43,41.46,1,Anomaly
21.58,21.89,20.30,20.28,21.22,0,Normal
21.45,20.79,20.88,37.95,37.14,1,Anomaly
19.77,19.07,19.90,19.22,18.26,0,Normal
20.72,21.91,21.25,21.31,22.49,0,Normal
20.23,19.90,20.14,42.34,37.45,1,Anomaly
19.79,18.57,19.63,17.96,18.05,0,Normal
22.80,23.55,22.63,42.60,38.50,1,Anomaly
20.36,19.77,20.27,18.85,20.37,0,Normal
22.43,21.95,21.90,21.62,21.31,0,Normal
18.61,18.12,17.18,17.10,18.71,0,Normal
18.86,18.35,19.83,19.78,19.27,0,Normal
22.90,22.84,21.90,36.45,38.64,1,Anomaly
22.77,22.53,23.04,22.54,21.15,0,Normal
20.29,21.15,20.40,40.26,38.30,1,Anomaly
20.33,20.72,19.39,20.05,20.71,0,Normal
17.37,17.59,17.99,18.27,19.08,0,Normal
20.70,19.60,19.56,20.74,19.51,0,Normal
19.54,19.70,19.89,19.46,19.04,0,Normal
18.72,17.56,17.20,17.47,18.07,0,Normal
21.41,20.96,20.78,20.72,19.91,0,Normal
21.93,21.74,20.63,22.16,20.72,0,Normal
20.27,20.09,20.72,44.00,36.10,1,Anomaly
20.37,18.91,20.32,18.84,19.62,0,Normal
20.31,19.04,19.87,19.66,19.47,0,Normal
21.34,22.21,22.57,21.37,21.52,0,Normal
18.30,18.97,19.26,18.59,19.60,0,Normal
19.40,18.90,18.51,20.09,18.55,0,Normal
20.23,20.82,21.19,20.94,20.25,0,Normal
22.68,22.73,23.41,22.55,22.17,0,Normal
21.37,21.89,21.78,36.32,40.27,1,Anomaly
18.01,18.69,18.52,31.54,38.65,1,Anomaly
19.86,21.71,20.97,20.58,21.39,0,Normal
20.80,20.74,20.95,20.62,20.82,0,Normal
17.18,18.47,18.19,17.62,17.88,0,Normal
18.99,19.01,17.88,17.24,18.07,0,Normal
19.77,20.93,20.55,20.86,20.30,0,Normal
19.88,19.82,19.25,20.41,21.04,0,Normal
19.47,19.53,18.22,44.22,42.33,1,Anomaly
19.91,19.63,18.74,38.29,44.02,1,Anomaly
17.45,17.58,19.21,17.85,19.39,0,Normal
21.85,21.19,20.78,20.83,20.54,0,Normal
23.60,22.19,23.20,22.09,23.01,0,Normal
21.80,20.97,20.70,21.41,20.88,0,Normal
21.08,21.13,21.54,20.67,21.09,0,Normal
20.91,19.65,21.18,20.40,20.09,0,Normal
19.96,19.80,19.79,19.98,20.41,0,Normal
22.35,22.04,21.83,21.90,23.33,0,Normal
20.54,21.55,20.78,21.38,21.20,0,Normal
18.43,19.20,19.24,18.63,19.64,0,Normal
18.94,18.95,19.24,19.59,18.25,0,Normal
23.00,21.49,21.96,42.28,42.91,1,Anomaly
22.05,22.11,21.62,38.00,44.40,1,Anomaly
18.63,18.37,19.16,34.14,38.07,1,Anomaly
19.73,19.01,19.53,20.95,20.81,0,Normal
20.65,20.53,21.74,20.90,21.13,0,Normal
21.59,21.56,21.07,21.15,21.68,0,Normal
19.46,18.94,19.79,20.14,20.01,0,Normal
20.11,21.25,19.99,20.56,20.51,0,Normal
17.87,18.08,17.26,18.25,19.05,0,Normal
21.65,21.07,21.89,20.14,21.78,0,Normal
19.26,21.07,20.79,20.06,20.93,0,Normal
19.47,20.24,19.53,20.10,20.24,0,Normal
20.80,22.07,20.78,22.08,20.52,0,Normal
20.85,19.94,20.34,20.39,21.19,0,Normal
18.63,20.22,19.76,20.08,19.23,0,Normal
20.64,21.06,22.07,21.47,22.15,0,Normal
22.32,22.00,21.09,20.84,22.69,0,Normal
21.81,20.07,20.46,20.01,20.83,0,Normal
18.86,19.46,18.91,18.68,18.95,0,Normal
23.08,22.30,22.35,22.92,22.93,0,Normal
20.58,19.78,19.79,19.10,20.81,0,Normal
18.46,18.88,17.88,18.44,17.86,0,Normal
20.96,20.08,20.25,37.50,39.34,1,Anomaly
23.24,21.96,22.69,22.34,23.27,0,Normal
19.70,19.69,18.36,43.68,44.70,1,Anomaly
20.05,20.57,19.69,20.79,20.63,0,Normal
22.56,22.68,23.90,22.01,22.99,0,Normal
19.06,18.17,17.82,19.54,19.56,0,Normal
19.35,19.11,19.34,19.62,20.61,0,Normal
21.52,21.60,21.10,20.43,21.89,0,Normal
18.21,18.81,17.72,18.15,18.61,0,Normal
19.02,18.63,20.23,35.54,38.89,1,Anomaly
22.75,22.21,21.56,21.91,21.77,0,Normal
20.57,20.68,20.67,19.94,20.77,0,Normal
19.36,19.13,19.58,21.02,19.28,0,Normal
21.99,21.31,21.69,22.70,22.30,0,Normal
18.72,19.66,20.03,31.36,39.75,1,Anomaly
19.52,20.07,19.06,18.90,19.92,0,Normal
18.98,19.53,19.94,18.89,20.28,0,Normal
19.82,20.58,20.67,21.23,20.89,0,Normal
22.40,20.99,21.63,22.07,21.24,0,Normal
20.57,19.50,19.43,20.10,20.04,0,Normal
21.63,21.63,21.07,21.65,22.53,0,Normal
20.07,18.55,19.80,19.93,19.14,0,Normal
23.02,21.81,21.23,21.26,23.06,0,Normal
19.27,19.08,20.21,20.37,19.71,0,Normal
18.69,18.71,18.09,33.24,36.22,1,Anomaly
19.52,19.61,20.34,39.45,44.76,1,Anomaly
20.30,21.63,20.41,21.89,21.37,0,Normal
18.89,18.90,18.93,18.32,19.05,0,Normal
18.60,18.29,19.14,42.48,40.07,1,Anomaly
21.20,20.73,20.88,32.80,42.24,1,Anomaly
21.61,21.64,20.65,21.96,21.27,0,Normal
18.63,17.21,19.12,30.43,43.68,1,Anomaly
20.70,20.80,20.92,21.09,21.36,0,Normal
20.75,19.17,20.84,41.95,43.77,1,Anomaly
19.88,19.62,19.40,19.68,21.10,0,Normal
19.29,20.79,20.78,20.50,19.90,0,Normal
20.80,20.09,20.98,20.75,20.17,0,Normal
19.33,19.23,20.30,20.68,20.52,0,Normal
18.11,17.46,17.56,17.97,18.06,0,Normal
23.66,22.49,22.48,23.33,23.72,0,Normal
21.33,22.10,21.13,31.39,36.64,1,Anomaly
20.41,20.96,21.80,21.40,20.63,0,Normal
17.57,18.50,18.91,19.09,17.98,0,Normal
21.40,20.41,20.57,21.65,20.32,0,Normal
17.72,19.36,18.35,19.13,19.38,0,Normal
18.24,18.03,17.85,42.60,37.20,1,Anomaly
22.16,21.92,21.55,21.47,20.85,0,Normal
23.82,23.17,22.23,44.83,44.59,1,Anomaly
17.58,17.34,18.59,18.89,17.51,0,Normal
23.04,21.78,22.61,21.50,21.36,0,Normal
19.95,21.64,20.72,20.25,20.05,0,Normal
20.16,19.19,19.51,18.94,19.29,0,Normal
21.32,21.99,21.86,30.55,43.85,1,Anomaly
22.40,22.19,23.10,22.89,23.00,0,Normal
22.61,22.77,22.29,22.64,22.34,0,Normal
18.50,19.04,18.07,18.95,18.46,0,Normal
20.79,22.24,21.74,22.26,21.64,0,Normal
20.00,20.70,19.62,42.69,37.28,1,Anomaly
22.72,22.64,23.20,22.03,23.25,0,Normal
22.03,20.78,22.28,22.05,20.70,0,Normal
19.17,19.10,18.84,20.17,18.65,0,Normal
20.09,20.81,19.18,19.90,20.44,0,Normal
21.21,21.64,20.86,22.23,21.07,0,Normal
22.66,22.59,21.55,21.71,21.77,0,Normal
22.78,22.32,21.55,23.01,22.67,0,Normal
18.83,19.75,18.40,20.00,19.46,0,Normal
22.29,20.91,21.95,22.09,20.58,0,Normal
22.50,22.43,22.71,21.43,22.73,0,Normal
22.24,22.09,21.95,23.67,22.62,0,Normal
20.24,19.88,21.40,21.57,21.23,0,Normal
19.11,19.48,18.60,43.04,35.32,1,Anomaly
22.28,21.96,22.17,35.66,40.26,1,Anomaly
18.96,19.76,20.19,19.92,20.03,0,Normal
19.58,19.38,19.92,20.04,19.41,0,Normal
21.37,21.62,21.91,40.30,35.85,1,Anomaly
20.86,21.50,21.55,21.21,20.99,0,Normal
20.57,19.32,19.15,19.87,20.39,0,Normal
21.14,20.84,21.69,22.16,22.54,0,Normal
20.94,21.37,22.24,21.37,21.94,0,Normal
19.08,18.97,18.84,18.93,19.64,0,Normal
20.73,20.09,19.93,19.71,21.54,0,Normal
22.57,21.24,21.47,22.93,22.83,0,Normal
19.98,18.85,20.42,36.83,44.22,1,Anomaly
18.48,18.86,18.99,19.90,18.94,0,Normal
22.64,22.38,22.04,21.56,21.50,0,Normal
23.52,22.58,22.66,23.24,22.96,0,Normal
19.04,19.57,19.06,18.73,19.14,0,Normal
21.28,20.63,22.32,22.15,20.45,0,Normal
18.72,17.76,18.95,17.78,19.09,0,Normal
19.36,17.99,17.94,19.04,18.90,0,Normal
20.75,20.72,21.86,21.62,21.23,0,Normal
17.72,18.93,17.81,17.49,17.67,0,Normal
18.29,18.84,17.81,44.04,37.83,1,Anomaly
20.25,19.81,20.29,19.41,21.36,0,Normal
22.82,22.96,22.35,39.19,41.65,1,Anomaly
18.18,19.06,18.96,41.76,41.99,1,Anomaly
19.04,19.61,19.04,19.27,18.71,0,Normal
22.60,22.07,22.02,21.29,21.45,0,Normal
20.79,19.87,20.62,20.94,19.92,0,Normal
21.83,21.63,21.81,21.31,21.17,0,Normal
18.59,18.28,17.36,18.58,17.33,0,Normal
20.83,20.85,21.24,21.55,21.77,0,Normal
21.71,22.30,21.83,21.36,21.31,0,Normal
22.71,23.47,23.47,22.29,22.67,0,Normal
18.50,18.88,18.98,37.02,42.80,1,Anomaly
21.74,22.84,21.60,22.61,22.85,0,Normal
21.61,21.77,22.12,21.35,22.07,0,Normal
22.84,22.07,22.49,22.93,23.60,0,Normal
19.83,19.91,20.61,20.39,19.43,0,Normal
21.58,22.38,21.46,31.44,44.38,1,Anomaly
21.96,21.62,21.43,22.02,21.53,0,Normal
20.75,20.42,19.42,19.81,19.46,0,Normal
20.31,19.88,19.80,20.05,19.20,0,Normal
18.71,19.26,18.66,19.77,20.39,0,Normal
18.19,18.80,18.09,19.22,19.42,0,Normal
17.27,18.15,17.34,18.60,18.62,0,Normal
20.23,18.29,18.80,18.73,18.42,0,Normal
18.99,19.44,20.78,33.67,42.58,1,Anomaly
17.31,18.08,18.01,18.18,19.11,0,Normal
19.59,20.22,20.23,19.52,18.83,0,Normal
20.68,21.06,22.03,20.88,21.10,0,Normal
18.98,19.68,19.09,18.68,20.12,0,Normal
19.80,20.15,20.88,40.69,41.14,1,Anomaly
21.73,21.75,19.91,21.00,21.54,0,Normal
20.57,19.52,18.99,19.68,20.17,0,Normal
22.42,21.84,21.91,22.55,23.13,0,Normal
19.07,18.75,19.65,19.12,19.13,0,Normal
19.96,20.69,20.83,20.56,20.68,0,Normal
22.59,22.81,22.09,43.38,41.01,1,Anomaly
20.99,21.73,21.38,21.90,21.63,0,Normal
20.34,20.58,19.06,34.90,35.03,1,Anomaly
20.93,20.42,20.08,32.00,41.29,1,Anomaly
21.72,20.33,20.04,34.49,40.78,1,Anomaly
19.96,19.48,19.50,19.00,20.44,0,Normal
21.59,21.83,22.05,21.27,21.44,0,Normal
18.62,19.77,18.88,18.22,18.14,0,Normal
19.31,17.60,18.29,18.20,18.38,0,Normal
18.72,18.73,18.21,18.05,18.40,0,Normal
19.18,19.04,18.49,19.76,18.50,0,Normal
18.51,18.95,18.83,18.31,17.35,0,Normal
21.89,22.85,22.66,21.61,22.55,0,Normal
20.07,19.91,19.77,20.05,20.11,0,Normal
19.91,20.36,19.84,32.42,44.21,1,Anomaly
21.05,19.45,20.08,19.43,20.37,0,Normal
21.78,20.30,22.13,20.81,20.83,0,Normal
18.70,18.34,19.21,19.72,18.22,0,Normal
19.29,18.54,19.42,19.30,19.31,0,Normal
18.97,18.31,18.40,19.26,18.81,0,Normal
22.06,23.16,22.75,22.69,22.00,0,Normal
19.03,17.57,18.03,18.46,18.67,0,Normal
19.64,20.68,19.41,21.17,20.13,0,Normal
18.53,18.84,18.82,18.20,19.17,0,Normal
19.19,17.61,18.64,18.08,18.43,0,Normal
21.24,20.54,21.08,20.49,19.49,0,Normal
20.81,21.87,21.36,20.85,22.62,0,Normal
18.10,18.48,19.66,19.22,19.49,0,Normal
21.18,22.27,22.77,22.82,21.57,0,Normal
18.72,18.64,19.36,19.31,18.84,0,Normal
22.35,23.43,23.12,23.21,21.80,0,Normal
23.03,22.83,21.90,23.12,23.50,0,Normal
22.87,22.21,21.90,32.07,36.80,1,Anomaly
20.61,20.56,19.79,20.72,21.05,0,Normal
20.40,19.23,19.69,20.65,19.45,0,Normal
23.09,23.70,22.59,23.62,23.60,0,Normal
19.99,19.54,18.98,18.97,19.95,0,Normal
21.94,22.26,20.98,41.57,39.41,1,Anomaly
18.83,19.88,20.26,35.37,35.86,1,Anomaly
21.65,20.15,20.24,21.10,21.32,0,Normal
19.40,19.35,19.54,42.38,35.35,1,Anomaly
20.90,21.08,21.95,21.30,20.20,0,Normal
20.38,19.27,18.56,36.49,36.12,1,Anomaly
19.28,19.40,17.89,19.82,18.61,0,Normal
22.89,23.51,23.92,31.80,37.69,1,Anomaly
18.37,17.80,19.19,18.62,17.71,0,Normal
19.75,19.40,19.38,18.93,18.61,0,Normal
23.34,21.96,22.02,22.92,22.66,0,Normal
18.20,18.04,18.40,18.83,17.80,0,Normal
21.57,21.47,20.97,22.02,22.05,0,Normal
22.35,22.10,23.29,23.72,23.19,0,Normal
19.22,18.81,19.78,37.60,39.66,1,Anomaly
22.64,21.51,22.43,32.40,42.69,1,Anomaly
20.07,19.92,19.73,20.20,19.57,0,Normal
22.54,22.01,22.57,22.46,21.53,0,Normal
19.91,19.79,19.49,37.69,35.86,1,Anomaly
21.74,21.25,21.45,20.58,22.44,0,Normal
19.88,20.51,20.38,19.09,20.13,0,Normal
21.60,22.85,23.00,22.84,22.41,0,Normal
18.08,17.82,19.47,44.26,39.46,1,Anomaly
22.29,21.66,21.18,38.23,41.11,1,Anomaly
20.99,20.85,21.11,21.05,20.71,0,Normal
20.54,20.96,21.57,21.68,22.11,0,Normal
20.98,21.12,20.66,22.22,21.32,0,Normal
18.17,18.72,18.39,17.71,18.65,0,Normal
19.35,18.24,19.38,19.88,19.16,0,Normal
22.24,22.77,23.38,23.58,23.76,0,Normal
20.76,20.88,21.61,22.19,20.72,0,Normal
22.82,22.22,22.09,21.63,22.16,0,Normal
22.15,23.83,22.80,23.30,23.72,0,Normal
23.48,22.50,23.51,23.70,23.38,0,Normal
19.94,20.85,20.18,40.15,43.34,1,Anomaly
20.63,20.31,21.65,20.72,21.10,0,Normal
19.99,18.84,19.79,19.38,19.37,0,Normal
21.20,22.73,21.46,39.05,38.29,1,Anomaly
22.10,22.92,23.00,35.78,38.59,1,Anomaly
20.99,21.28,21.17,41.00,43.33,1,Anomaly
19.34,20.78,20.99,36.41,42.53,1,Anomaly
22.08,21.59,21.66,22.36,21.20,0,Normal
19.06,19.25,20.18,20.67,19.57,0,Normal
23.19,22.40,21.79,22.51,23.39,0,Normal
20.65,18.86,20.37,44.84,39.57,1,Anomaly
21.72,20.89,20.86,22.12,20.74,0,Normal
21.36,20.79,21.22,21.18,20.67,0,Normal
21.62,21.16,21.09,21.72,21.24,0,Normal
22.19,22.03,21.19,20.60,21.45,0,Normal
20.81,20.26,21.33,21.79,20.06,0,Normal
23.19,23.05,23.53,22.12,23.05,0,Normal
21.20,22.48,21.64,21.24,22.87,0,Normal
21.36,20.92,20.78,19.88,20.09,0,Normal
19.31,20.30,20.05,42.61,39.28,1,Anomaly
20.40,21.99,21.20,21.04,20.59,0,Normal
18.42,19.44,19.53,18.84,17.94,0,Normal
19.22,19.84,19.64,18.47,18.44,0,Normal
23.14,22.87,22.43,23.09,22.20,0,Normal
19.20,19.03,18.61,34.53,37.61,1,Anomaly
21.79,22.17,22.77,44.20,36.69,1,Anomaly
23.49,23.36,22.63,23.01,23.20,0,Normal
22.26,21.79,21.06,21.33,21.02,0,Normal
18.08,17.43,18.23,18.37,18.81,0,Normal
20.63,20.15,20.23,21.31,20.27,0,Normal
23.21,22.26,22.87,31.48,36.03,1,Anomaly
19.95,19.38,20.38,19.42,20.69,0,Normal
22.97,22.34,21.55,22.95,22.38,0,Normal
20.45,21.08,21.97,41.68,41.66,1,Anomaly
20.29,20.48,20.76,21.13,20.14,0,Normal
22.57,22.62,22.12,22.19,22.67,0,Normal
22.60,21.92,23.47,23.36,23.29,0,Normal
19.81,21.56,21.46,40.12,44.37,1,Anomaly
19.31,18.55,18.39,42.88,37.34,1,Anomaly
20.71,21.29,20.15,20.11,20.24,0,Normal
19.48,19.93,19.98,19.30,19.97,0,Normal
18.48,18.61,17.53,34.04,39.07,1,Anomaly
19.65,20.92,19.98,20.68,20.37,0,Normal
19.34,19.37,18.50,19.30,18.08,0,Normal
20.14,20.27,19.87,21.40,20.77,0,Normal
20.08,20.68,19.79,21.16,20.12,0,Normal
20.72,19.26,20.69,19.98,19.78,0,Normal
21.07,21.29,20.63,20.44,20.61,0,Normal
20.10,18.87,18.77,19.77,19.63,0,Normal
22.90,22.32,23.03,42.45,41.27,1,Anomaly
20.49,20.90,20.99,20.88,21.01,0,Normal
19.49,19.96,20.08,20.55,20.97,0,Normal
20.93,19.04,19.26,20.80,20.43,0,Normal
19.68,18.20,18.99,19.94,19.59,0,Normal
19.33,19.76,20.57,41.52,37.79,1,Anomaly
17.75,19.18,18.16,32.39,36.17,1,Anomaly
20.17,19.28,19.44,18.90,19.02,0,Normal
21.70,20.23,20.02,20.51,20.71,0,Normal
19.85,21.69,20.07,33.30,36.83,1,Anomaly
18.68,19.98,20.22,18.40,18.45,0,Normal
19.31,18.83,19.76,18.72,20.12,0,Normal
21.00,19.99,20.83,36.31,44.81,1,Anomaly
22.34,23.09,23.71,22.65,22.81,0,Normal
21.88,22.93,22.81,23.05,22.21,0,Normal
23.14,23.16,22.76,23.81,23.57,0,Normal
19.97,18.55,18.09,19.87,19.15,0,Normal
22.91,23.22,23.15,22.04,23.33,0,Normal
19.65,19.79,20.03,43.55,41.73,1,Anomaly
21.81,22.52,22.63,22.58,23.49,0,Normal
18.81,18.51,18.74,18.58,17.62,0,Normal
20.84,20.66,20.41,19.94,20.61,0,Normal
22.78,22.61,22.86,22.34,22.39,0,Normal
20.94,20.08,21.92,21.40,20.62,0,Normal
22.02,21.88,21.56,36.94,43.50,1,Anomaly
22.64,23.14,21.84,32.22,38.41,1,Anomaly
21.00,21.30,21.83,40.43,35.99,1,Anomaly
20.15,18.93,19.23,20.02,18.73,0,Normal
20.92,20.44,19.64,20.39,21.33,0,Normal
23.34,23.37,22.59,23.03,23.40,0,Normal
20.39,20.10,20.18,20.04,19.41,0,Normal
22.31,21.63,22.61,36.88,39.08,1,Anomaly
18.97,18.52,18.91,19.72,19.58,0,Normal
18.32,18.76,18.44,18.49,17.67,0,Normal
22.17,21.32,20.77,35.06,37.85,1,Anomaly
20.48,19.21,20.29,39.79,37.54,1,Anomaly
21.75,21.71,21.45,20.43,21.40,0,Normal
20.95,21.17,22.03,20.48,20.53,0,Normal
21.25,20.10,20.19,20.17,19.68,0,Normal
17.36,17.80,18.82,17.27,18.24,0,Normal
20.75,20.61,21.55,21.17,20.70,0,Normal
20.62,21.90,21.42,21.69,20.77,0,Normal
20.06,20.48,21.10,19.71,21.23,0,Normal
22.09,21.73,22.97,21.67,21.47,0,Normal
22.87,22.80,21.71,22.55,21.51,0,Normal
21.11,21.34,21.98,20.15,20.69,0,Normal
19.30,19.91,19.41,19.33,19.36,0,Normal
19.68,21.48,20.83,37.06,44.52,1,Anomaly
21.24,20.55,20.78,39.49,37.26,1,Anomaly
23.69,23.70,23.38,30.17,38.21,1,Anomaly
21.56,22.83,23.25,34.23,37.44,1,Anomaly
21.61,21.55,21.47,41.26,36.38,1,Anomaly
21.30,20.65,21.87,20.96,22.15,0,Normal
19.53,20.38,19.99,34.77,35.38,1,Anomaly
21.19,20.07,21.58,21.01,20.64,0,Normal
21.50,21.01,20.33,35.50,39.87,1,Anomaly
21.17,21.77,21.14,21.16,21.38,0,Normal
21.57,21.17,20.67,22.06,22.38,0,Normal
20.66,20.70,20.18,20.11,19.90,0,Normal
18.27,19.09,18.75,44.14,43.55,1,Anomaly
18.70,18.81,20.21,19.37,20.07,0,Normal
21.22,22.02,20.79,21.30,21.75,0,Normal
19.06,20.15,18.69,20.10,19.95,0,Normal
19.08,19.68,18.83,19.06,20.01,0,Normal
19.54,19.80,19.97,30.37,42.40,1,Anomaly
19.50,18.62,17.86,18.66,19.28,0,Normal
22.48,22.26,21.49,22.14,22.48,0,Normal
18.60,19.04,17.66,31.76,37.50,1,Anomaly
23.03,22.23,21.75,31.09,35.33,1,Anomaly
21.10,21.79,22.13,22.31,21.12,0,Normal
19.54,19.77,19.22,18.97,20.28,0,Normal
18.88,19.70,19.49,19.60,18.04,0,Normal
21.02,20.59,19.95,20.29,20.14,0,Normal
20.18,19.70,21.30,36.36,41.34,1,Anomaly
22.05,22.88,23.19,22.47,21.83,0,Normal
19.73,19.17,19.10,43.18,38.55,1,Anomaly
21.89,22.09,23.24,22.87,22.61,0,Normal
19.50,19.41,20.99,20.29,20.30,0,Normal
22.36,21.19,22.67,32.89,43.68,1,Anomaly
20.67,20.80,19.95,21.01,21.10,0,Normal
23.27,23.20,23.27,22.57,22.14,0,Normal
18.57,18.40,18.23,17.45,17.94,0,Normal
20.88,20.11,19.44,19.55,20.08,0,Normal
21.15,22.04,21.44,21.81,21.02,0,Normal
19.50,20.82,19.81,20.39,19.09,0,Normal
19.94,20.86,19.61,21.08,20.57,0,Normal
23.12,23.48,22.05,22.19,22.75,0,Normal
19.51,19.52,19.31,19.31,19.01,0,Normal
18.62,19.24,19.55,18.89,17.89,0,Normal
18.50,18.18,17.18,17.24,18.14,0,Normal
20.06,20.01,20.19,21.05,19.49,0,Normal
20.25,20.17,20.30,21.77,21.43,0,Normal
21.27,23.01,21.31,43.03,41.66,1,Anomaly
21.36,20.91,19.82,20.46,20.65,0,Normal
19.40,17.97,18.26,17.74,17.54,0,Normal
21.64,22.71,23.48,23.12,22.13,0,Normal
20.44,21.30,20.41,20.84,20.83,0,Normal
20.62,19.89,20.59,20.39,21.17,0,Normal
22.31,21.48,22.66,21.70,23.03,0,Normal
18.75,19.72,20.25,39.52,35.68,1,Anomaly
18.36,17.82,18.90,19.26,18.77,0,Normal
19.43,20.38,19.65,20.10,19.62,0,Normal
22.52,21.65,22.15,22.56,21.04,0,Normal
19.08,19.53,18.36,18.94,19.25,0,Normal
20.32,20.25,21.56,20.53,19.95,0,Normal
23.20,22.21,23.00,43.98,36.34,1,Anomaly
23.34,22.09,23.33,22.81,23.59,0,Normal
22.24,22.21,22.21,21.27,21.80,0,Normal
19.09,18.81,19.01,18.05,19.40,0,Normal
22.73,22.95,21.28,44.01,35.41,1,Anomaly
22.00,22.18,22.27,35.66,39.12,1,Anomaly
21.99,23.35,23.02,22.62,22.48,0,Normal
21.85,21.80,22.44,21.70,21.26,0,Normal
21.52,19.75,20.01,30.75,38.26,1,Anomaly
21.16,20.97,21.94,20.80,22.38,0,Normal
18.23,19.17,19.60,38.66,39.67,1,Anomaly
23.18,22.14,22.66,21.68,22.63,0,Normal
18.41,19.22,17.96,18.50,18.90,0,Normal
20.54,19.70,21.32,32.11,36.70,1,Anomaly
22.57,21.44,21.05,22.53,22.19,0,Normal
19.28,18.55,18.81,19.60,18.34,0,Normal
21.05,20.25,20.08,21.35,19.88,0,Normal
21.88,21.72,22.19,22.22,21.97,0,Normal
22.60,22.80,22.96,38.48,36.77,1,Anomaly
18.60,19.05,18.83,18.66,19.52,0,Normal
21.87,22.35,22.13,32.33,42.49,1,Anomaly
21.14,20.82,22.24,42.55,42.63,1,Anomaly
21.51,20.88,20.77,21.87,20.90,0,Normal
20.03,19.97,19.17,19.43,19.48,0,Normal
19.55,19.04,19.75,18.55,19.11,0,Normal
19.30,19.66,19.22,18.87,19.88,0,Normal
21.13,20.08,19.86,21.22,20.20,0,Normal
20.35,19.66,20.85,20.32,20.43,0,Normal
20.58,19.78,19.67,20.70,20.86,0,Normal
17.96,18.57,18.41,18.88,17.99,0,Normal
19.25,19.16,19.77,44.63,44.36,1,Anomaly
22.50,22.56,22.96,23.12,22.50,0,Normal
22.08,21.35,22.01,20.36,21.06,0,Normal
18.72,19.39,18.72,18.77,19.15,0,Normal
19.67,19.06,19.04,19.89,18.32,0,Normal
22.02,23.39,22.37,30.99,38.06,1,Anomaly
19.46,20.51,19.75,19.88,20.56,0,Normal
17.79,17.20,18.38,18.61,18.83,0,Normal
22.58,21.81,22.83,39.20,37.67,1,Anomaly
20.30,20.58,19.19,36.33,37.65,1,Anomaly
20.76,20.76,19.96,43.70,41.73,1,Anomaly
22.80,22.39,22.74,21.95,21.92,0,Normal
20.81,20.66,20.82,21.04,21.06,0,Normal
21.67,20.78,21.79,37.91,43.58,1,Anomaly
19.78,19.19,20.28,19.58,20.20,0,Normal
21.28,22.30,22.26,21.79,22.50,0,Normal
20.57,20.19,20.02,20.40,21.10,0,Normal
23.15,22.23,23.53,22.83,23.32,0,Normal
17.91,17.99,18.69,18.13,19.07,0,Normal
19.25,18.27,18.59,34.33,39.71,1,Anomaly
19.99,21.58,20.58,30.40,38.78,1,Anomaly
20.87,20.85,22.05,22.19,21.80,0,Normal
18.53,18.42,18.85,41.30,42.82,1,Anomaly
21.22,22.21,22.99,31.70,44.62,1,Anomaly
19.61,18.56,18.25,19.53,19.82,0,Normal
20.79,21.10,19.99,19.92,20.27,0,Normal
22.47,22.43,22.18,22.02,23.70,0,Normal
22.69,22.05,22.64,39.90,40.95,1,Anomaly
20.70,20.20,19.91,38.57,42.11,1,Anomaly
21.85,22.85,22.93,23.19,21.84,0,Normal
19.13,18.94,20.50,41.88,35.05,1,Anomaly
19.55,19.72,20.73,30.47,41.49,1,Anomaly
17.98,18.15,17.88,33.36,37.23,1,Anomaly
21.69,22.27,20.74,21.88,22.02,0,Normal
22.01,21.02,22.35,22.43,21.46,0,Normal
21.31,20.50,20.96,21.40,20.23,0,Normal
18.84,18.65,18.83,19.66,20.05,0,Normal
22.31,22.25,22.08,21.85,22.67,0,Normal
19.30,19.24,20.12,19.53,19.18,0,Normal
19.76,20.24,19.91,19.83,19.74,0,Normal
21.79,22.87,23.00,34.40,40.96,1,Anomaly
20.27,19.54,19.31,37.22,37.97,1,Anomaly
19.40,19.55,18.71,18.92,18.67,0,Normal
19.16,19.99,20.79,20.24,19.40,0,Normal
20.21,19.47,18.91,20.32,18.94,0,Normal
20.67,18.97,20.61,44.02,43.35,1,Anomaly
22.97,21.98,22.57,22.76,23.46,0,Normal
21.95,23.29,23.28,21.68,22.74,0,Normal
20.35,20.97,21.06,20.13,20.77,0,Normal
21.89,21.97,22.51,22.89,22.45,0,Normal
18.89,20.49,19.58,19.57,19.48,0,Normal
18.79,19.35,19.00,18.43,18.35,0,Normal
20.30,19.73,18.75,19.29,19.48,0,Normal
20.67,21.03,22.22,22.24,21.23,0,Normal
19.82,20.69,20.03,20.41,21.31,0,Normal
17.57,18.01,18.01,17.49,17.39,0,Normal
20.42,20.58,19.26,19.23,19.94,0,Normal
22.18,21.91,22.95,22.06,23.05,0,Normal
18.29,18.91,18.91,39.58,38.59,1,Anomaly
19.06,18.45,18.47,42.18,41.17,1,Anomaly
20.23,21.00,20.34,20.80,20.22,0,Normal
19.97,20.55,19.79,36.34,36.98,1,Anomaly
22.53,23.37,23.34,23.42,23.84,0,Normal
22.53,22.88,22.02,21.53,22.76,0,Normal
22.07,22.99,21.34,21.81,21.81,0,Normal
21.66,21.86,20.67,32.94,37.63,1,Anomaly
21.33,22.23,21.99,21.48,20.99,0,Normal
18.24,19.26,19.50,38.59,39.96,1,Anomaly
17.81,18.61,18.80,17.63,18.22,0,Normal
21.25,22.50,21.62,21.14,21.48,0,Normal
20.45,20.95,20.45,19.81,20.11,0,Normal
18.95,19.60,18.07,17.86,19.57,0,Normal
19.86,19.53,20.77,41.46,38.00,1,Anomaly
19.19,17.80,18.42,18.81,17.92,0,Normal
18.01,19.65,18.04,19.29,18.39,0,Normal
21.04,19.86,20.62,21.19,20.85,0,Normal
19.23,19.22,18.70,19.14,17.43,0,Normal
21.41,21.82,22.02,22.70,21.93,0,Normal
23.28,23.20,23.59,21.99,23.69,0,Normal
20.23,20.27,20.01,19.90,20.58,0,Normal
23.09,22.94,21.48,21.72,22.33,0,Normal
20.12,20.21,20.19,33.43,43.12,1,Anomaly
21.86,21.72,22.46,22.78,21.89,0,Normal
20.86,21.14,21.50,19.84,20.13,0,Normal
19.69,20.54,19.79,20.42,19.87,0,Normal
23.05,22.56,22.18,42.31,42.86,1,Anomaly
19.99,21.60,21.59,43.40,35.77,1,Anomaly
21.80,22.01,21.61,43.58,43.18,1,Anomaly
21.74,21.54,21.52,22.54,22.51,0,Normal
17.85,18.34,17.97,18.64,18.06,0,Normal
18.28,18.88,18.34,18.42,18.58,0,Normal
19.27,20.48,21.02,20.90,21.12,0,Normal
22.68,22.38,22.58,21.94,21.99,0,Normal
21.64,21.52,21.86,22.89,22.49,0,Normal
18.72,19.88,18.19,19.68,18.52,0,Normal
18.38,18.85,18.75,19.03,19.17,0,Normal
22.65,21.99,22.45,23.34,21.99,0,Normal
18.65,18.88,18.71,40.25,35.71,1,Anomaly
18.75,18.73,20.17,35.40,39.67,1,Anomaly
21.61,21.99,23.38,22.18,23.48,0,Normal
20.40,20.63,19.91,20.00,20.96,0,Normal
20.37,21.20,19.78,33.48,36.55,1,Anomaly
19.22,18.77,19.52,19.07,19.08,0,Normal
17.74,18.26,18.69,17.89,17.20,0,Normal
18.31,19.51,19.17,18.65,18.91,0,Normal
19.21,18.91,18.83,18.47,19.60,0,Normal
21.82,22.28,21.13,20.40,21.53,0,Normal
17.78,18.77,17.73,17.85,18.67,0,Normal
17.97,18.16,18.14,40.19,40.34,1,Anomaly
20.19,20.66,20.88,19.91,20.81,0,Normal
21.95,22.55,21.82,22.25,22.56,0,Normal
19.62,20.67,19.57,20.06,19.77,0,Normal
18.91,17.72,19.19,18.50,18.78,0,Normal
22.54,23.13,22.46,22.28,22.70,0,Normal
22.59,22.31,22.21,21.91,22.35,0,Normal
20.19,19.85,20.53,20.20,19.91,0,Normal
21.67,22.42,22.21,23.06,22.20,0,Normal
21.87,22.44,21.94,22.67,22.11,0,Normal
19.14,20.92,20.09,20.49,19.52,0,Normal
18.33,17.81,18.64,18.54,18.32,0,Normal
21.49,22.34,23.29,22.90,22.56,0,Normal
19.00,18.80,17.70,18.42,18.16,0,Normal
23.09,22.94,21.94,21.60,23.16,0,Normal
20.32,21.25,21.18,19.46,19.46,0,Normal
20.07,19.22,20.32,40.63,38.21,1,Anomaly
19.50,20.97,20.25,19.61,20.39,0,Normal
22.17,21.86,21.16,22.31,21.35,0,Normal
19.18,18.93,19.22,39.07,38.56,1,Anomaly
18.55,18.40,18.66,18.39,18.49,0,Normal
22.41,21.83,21.45,22.43,22.49,0,Normal
20.54,21.50,21.84,21.78,21.95,0,Normal
18.53,18.61,18.33,19.23,18.99,0,Normal
19.85,18.76,18.66,18.87,20.02,0,Normal
22.49,23.07,22.19,21.71,21.84,0,Normal
22.29,21.78,21.56,37.64,40.26,1,Anomaly
22.65,22.46,21.94,35.48,39.47,1,Anomaly
22.19,22.63,21.80,21.40,22.39,0,Normal
23.66,23.01,22.58,22.50,23.10,0,Normal
19.50,18.24,19.49,19.06,18.60,0,Normal
18.42,18.98,19.00,18.08,18.52,0,Normal
20.99,21.74,20.35,21.11,21.91,0,Normal
23.44,22.18,23.63,23.84,23.57,0,Normal
18.90,18.29,18.19,18.29,18.49,0,Normal
18.95,20.21,19.57,19.23,19.01,0,Normal
20.56,19.40,19.09,20.60,20.31,0,Normal
18.17,18.12,18.40,41.37,39.92,1,Anomaly
19.02,19.67,20.05,18.92,18.56,0,Normal
19.46,20.05,19.68,19.92,19.66,0,Normal
17.48,18.61,18.38,19.19,18.18,0,Normal
18.73,20.38,20.09,19.56,19.58,0,Normal
23.11,22.64,22.88,35.89,38.79,1,Anomaly
20.97,22.22,20.96,40.71,41.83,1,Anomaly
20.09,19.76,18.81,20.35,18.73,0,Normal
20.34,20.28,20.39,34.82,40.49,1,Anomaly
19.38,17.90,18.34,18.51,17.65,0,Normal
22.82,21.62,23.18,33.85,41.08,1,Anomaly
21.57,20.99,22.10,43.91,35.51,1,Anomaly
23.14,23.19,22.62,23.30,23.22,0,Normal
19.53,19.71,19.34,19.61,20.37,0,Normal
19.21,18.83,19.06,18.38,19.30,0,Normal
21.39,21.20,20.09,21.04,20.60,0,Normal
19.56,17.84,18.86,17.94,18.86,0,Normal
23.44,23.06,23.10,35.47,41.26,1,Anomaly
20.60,20.93,20.89,21.05,21.51,0,Normal
19.35,19.79,18.78,19.46,19.42,0,Normal
18.90,20.48,19.79,19.91,19.83,0,Normal
22.28,22.87,23.67,23.64,23.12,0,Normal
20.86,20.79,20.25,20.16,19.71,0,Normal
21.89,22.84,21.28,41.38,43.95,1,Anomaly
22.89,23.69,23.09,23.18,22.17,0,Normal
20.81,19.91,21.56,20.95,19.97,0,Normal
21.17,21.54,22.21,22.63,21.03,0,Normal
20.16,20.22,21.67,20.81,21.12,0,Normal
22.12,21.00,20.77,20.82,20.85,0,Normal
18.69,18.87,17.30,18.81,17.76,0,Normal
22.04,21.18,21.04,42.61,43.96,1,Anomaly
20.65,19.47,19.72,20.55,20.36,0,Normal
20.95,20.35,21.24,20.45,21.32,0,Normal
20.22,21.49,21.69,20.08,20.16,0,Normal
20.96,20.31,20.13,20.14,21.08,0,Normal
19.47,19.44,20.55,19.40,20.38,0,Normal
20.61,20.27,20.59,33.22,38.46,1,Anomaly
18.57,20.10,18.40,19.79,18.97,0,Normal
21.84,21.59,20.20,42.11,40.03,1,Anomaly
22.13,22.27,21.17,21.60,20.85,0,Normal
20.37,21.85,22.00,20.75,21.12,0,Normal
22.14,21.85,20.57,21.04,20.94,0,Normal
21.34,21.55,21.96,38.24,38.73,1,Anomaly
21.91,22.84,21.72,44.69,37.58,1,Anomaly
20.74,21.26,20.94,39.41,42.94,1,Anomaly
19.13,18.59,18.78,18.44,19.23,0,Normal
22.46,21.56,21.69,38.55,44.35,1,Anomaly
22.62,22.09,23.02,23.56,23.12,0,Normal
17.69,18.24,17.40,41.09,43.16,1,Anomaly
20.29,20.12,20.05,20.26,19.62,0,Normal
19.55,19.54,18.60,18.65,18.33,0,Normal
19.33,20.29,20.73,32.86,44.71,1,Anomaly
21.34,21.06,20.51,20.04,19.77,0,Normal
22.12,21.06,22.20,22.16,21.73,0,Normal
19.37,20.68,21.09,20.80,20.83,0,Normal
20.67,20.40,20.94,37.59,37.76,1,Anomaly
19.09,18.96,18.35,18.70,17.81,0,Normal
22.56,23.17,23.18,23.79,22.51,0,Normal
21.92,23.49,23.29,22.57,23.00,0,Normal
18.48,19.66,18.26,20.02,19.52,0,Normal
19.30,19.46,19.22,43.07,35.77,1,Anomaly
20.84,21.90,20.96,21.84,21.19,0,Normal
21.46,20.18,21.40,20.97,21.90,0,Normal
18.93,19.37,20.17,39.42,40.91,1,Anomaly
21.52,21.66,21.77,42.72,35.03,1,Anomaly
21.07,20.37,20.82,20.24,20.99,0,Normal
19.16,17.84,18.79,33.49,42.88,1,Anomaly
21.57,22.39,22.54,22.43,21.58,0,Normal
21.62,20.96,21.21,20.37,21.96,0,Normal
18.58,19.70,17.82,19.16,19.12,0,Normal
18.61,17.60,17.84,18.66,18.29,0,Normal
19.51,19.16,18.81,19.40,18.41,0,Normal
21.16,20.31,20.67,20.21,19.45,0,Normal
19.15,19.84,19.67,19.28,20.21,0,Normal
19.33,19.07,20.13,19.35,19.64,0,Normal
21.77,23.10,23.33,22.18,22.32,0,Normal
18.85,18.59,19.14,18.92,19.79,0,Normal
21.41,21.83,21.19,35.30,36.79,1,Anomaly
18.72,18.49,18.88,18.27,18.07,0,Normal
19.74,19.62,20.70,20.87,19.77,0,Normal
21.04,21.35,20.52,21.65,20.80,0,Normal
19.10,20.71,19.21,38.69,40.10,1,Anomaly
22.83,22.26,23.06,22.69,21.84,0,Normal
18.88,18.25,17.75,18.18,18.11,0,Normal
22.76,21.39,22.36,21.89,21.13,0,Normal
22.84,22.72,23.39,22.88,23.06,0,Normal
18.52,18.50,18.45,18.42,17.72,0,Normal
21.38,20.79,21.66,20.87,20.50,0,Normal
21.58,20.61,21.22,22.00,21.00,0,Normal
20.10,20.73,20.26,33.18,41.28,1,Anomaly
21.11,20.84,21.26,22.42,22.41,0,Normal
22.51,21.29,21.62,35.19,39.03,1,Anomaly
19.36,18.54,19.27,18.55,17.47,0,Normal
18.68,19.77,18.82,42.34,39.97,1,Anomaly
22.31,23.32,23.62,34.28,35.25,1,Anomaly
20.61,19.05,20.97,20.33,19.60,0,Normal
20.68,20.35,20.65,40.65,42.72,1,Anomaly
19.54,20.07,19.79,20.64,20.29,0,Normal
21.06,19.56,19.59,20.63,20.48,0,Normal
20.36,20.13,19.17,19.51,20.26,0,Normal
18.82,17.46,17.56,17.79,19.12,0,Normal
19.36,18.74,19.08,19.80,19.56,0,Normal
20.31,19.19,18.60,37.03,39.55,1,Anomaly
20.81,19.96,19.39,19.76,20.34,0,Normal
18.32,18.93,19.24,18.25,18.99,0,Normal
17.79,17.58,19.03,33.55,43.48,1,Anomaly
19.35,19.08,19.71,19.86,19.39,0,Normal
22.57,21.22,22.46,33.49,38.20,1,Anomaly
22.35,21.26,21.87,37.63,40.52,1,Anomaly
19.24,19.73,20.67,40.74,36.89,1,Anomaly
19.77,20.01,19.83,20.05,18.92,0,Normal
22.31,23.21,22.91,21.84,22.26,0,Normal
20.98,19.27,20.98,19.00,20.11,0,Normal
18.05,18.80,18.83,38.08,35.02,1,Anomaly
18.64,18.52,19.14,32.57,40.39,1,Anomaly
20.07,20.00,21.25,19.44,19.79,0,Normal
22.18,20.71,21.52,21.87,22.07,0,Normal
21.38,22.13,20.74,30.51,40.42,1,Anomaly
23.50,22.30,22.09,23.18,23.15,0,Normal
21.00,21.01,19.78,20.64,20.98,0,Normal
21.39,20.48,21.00,21.12,21.19,0,Normal
21.16,21.34,22.24,34.94,37.77,1,Anomaly
20.03,21.20,20.62,21.38,19.77,0,Normal
20.27,20.32,20.37,42.26,44.45,1,Anomaly
23.16,22.66,23.37,22.55,21.94,0,Normal
21.93,21.55,21.71,20.38,22.18,0,Normal
22.15,22.03,22.43,22.27,22.40,0,Normal
23.57,21.98,22.49,37.50,36.53,1,Anomaly
20.97,22.00,21.63,21.99,22.48,0,Normal
21.80,22.47,21.40,22.24,21.08,0,Normal
20.19,19.79,19.38,20.13,20.79,0,Normal
20.14,18.74,20.06,19.30,18.50,0,Normal
23.02,22.87,22.13,23.37,23.01,0,Normal
20.00,20.32,21.49,20.48,21.49,0,Normal
19.10,19.88,20.04,19.96,20.18,0,Normal
22.14,23.38,23.42,22.77,22.83,0,Normal
20.51,21.83,21.38,21.38,22.04,0,Normal
22.16,22.16,21.42,36.33,42.48,1,Anomaly
19.58,19.72,19.53,20.65,20.64,0,Normal
20.89,20.25,20.67,20.65,20.66,0,Normal
21.47,21.36,20.20,38.34,36.78,1,Anomaly
20.11,21.27,20.59,20.22,20.42,0,Normal
19.80,18.49,19.10,19.84,20.01,0,Normal
22.31,21.32,21.20,20.88,21.06,0,Normal
22.09,23.50,21.99,21.94,22.03,0,Normal
22.56,20.87,22.15,21.95,22.11,0,Normal
21.55,22.73,20.80,21.94,21.30,0,Normal
20.97,21.71,20.67,21.08,21.69,0,Normal
21.26,21.68,21.78,39.94,39.01,1,Anomaly
20.75,21.18,21.92,22.13,21.80,0,Normal
18.71,18.21,19.25,18.51,18.60,0,Normal
20.24,19.83,20.22,20.48,18.61,0,Normal
18.25,17.63,18.33,17.35,18.15,0,Normal
19.29,19.08,19.34,18.96,19.20,0,Normal
18.46,19.05,17.95,17.82,18.96,0,Normal
18.69,18.82,20.41,20.43,18.66,0,Normal
17.70,18.30,18.84,18.30,17.65,0,Normal
21.78,22.79,22.29,21.84,23.09,0,Normal
21.36,20.11,20.02,34.32,44.17,1,Anomaly
20.06,19.89,20.20,19.75,19.45,0,Normal
22.51,22.50,22.40,23.37,22.47,0,Normal
20.24,19.65,19.42,19.86,20.53,0,Normal
18.29,19.18,17.81,18.14,17.32,0,Normal
21.14,21.82,21.41,21.34,21.21,0,Normal
21.67,22.78,23.23,22.41,23.19,0,Normal
20.09,19.70,19.24,30.32,37.44,1,Anomaly
18.16,18.14,18.71,19.11,17.56,0,Normal
19.52,19.56,19.30,18.69,18.14,0,Normal
19.70,19.11,19.03,19.29,19.06,0,Normal
19.86,21.12,19.95,21.16,20.71,0,Normal
19.85,18.66,19.56,20.32,19.75,0,Normal
21.26,19.92,20.62,20.76,20.44,0,Normal
21.34,22.30,20.46,21.13,20.51,0,Normal
23.65,22.30,23.32,31.42,36.46,1,Anomaly
18.79,17.60,17.38,19.19,18.21,0,Normal
22.21,22.34,22.00,22.90,22.83,0,Normal
21.29,21.52,21.80,22.28,21.19,0,Normal
17.55,17.61,18.81,18.82,17.53,0,Normal
19.65,18.59,19.26,18.46,19.15,0,Normal
20.65,19.94,20.59,20.41,20.92,0,Normal
20.39,20.23,21.08,21.31,21.33,0,Normal
19.54,20.15,20.12,21.00,20.44,0,Normal
18.79,19.21,20.10,33.55,44.34,1,Anomaly
19.79,20.50,21.10,20.23,21.16,0,Normal
22.05,21.83,21.64,21.87,22.49,0,Normal
17.88,18.95,17.82,19.22,19.25,0,Normal
21.45,21.54,21.77,39.86,36.90,1,Anomaly
22.74,22.88,21.94,21.67,22.78,0,Normal
18.85,18.95,18.96,17.87,18.02,0,Normal
20.16,19.18,19.72,37.82,39.71,1,Anomaly
18.35,18.92,18.67,17.14,18.21,0,Normal
20.36,19.04,19.60,20.13,19.13,0,Normal
21.83,21.08,21.32,20.60,21.14,0,Normal
19.58,20.24,19.38,32.30,42.68,1,Anomaly
22.04,21.90,21.19,20.38,21.17,0,Normal
22.87,22.09,22.28,22.03,23.13,0,Normal
20.23,21.63,21.29,21.12,21.01,0,Normal
19.69,18.45,18.84,35.18,39.95,1,Anomaly
22.26,22.49,22.33,23.30,22.12,0,Normal
22.29,22.14,22.60,39.74,38.49,1,Anomaly
19.57,20.48,20.39,20.87,19.63,0,Normal
20.96,21.36,21.72,33.56,39.04,1,Anomaly
20.86,20.22,21.49,31.19,44.99,1,Anomaly
19.07,18.72,19.48,19.39,20.50,0,Normal
22.65,22.97,22.48,21.69,21.63,0,Normal
20.90,20.28,19.93,21.68,21.25,0,Normal
21.01,21.55,21.11,22.02,22.40,0,Normal
21.65,22.17,21.06,22.22,21.44,0,Normal
23.22,21.32,21.55,36.73,36.05,1,Anomaly
22.28,22.42,21.90,23.36,22.38,0,Normal
22.88,22.82,23.59,36.14,38.64,1,Anomaly
23.03,22.23,21.97,22.01,22.49,0,Normal
19.92,20.14,20.51,39.68,35.60,1,Anomaly
18.47,19.26,18.86,30.47,37.37,1,Anomaly
18.44,17.60,19.10,18.43,19.38,0,Normal
22.53,22.67,23.25,34.78,36.33,1,Anomaly
21.99,21.55,22.35,22.45,22.80,0,Normal
18.55,17.75,18.05,19.09,17.17,0,Normal
21.03,20.16,20.42,21.43,20.77,0,Normal
18.48,17.92,19.79,30.09,42.03,1,Anomaly
23.32,21.86,22.19,22.22,23.49,0,Normal
20.35,20.31,19.29,19.92,20.52,0,Normal
18.33,18.52,18.72,39.03,42.74,1,Anomaly
22.19,22.70,22.77,21.36,22.05,0,Normal
19.34,19.23,20.23,20.20,19.15,0,Normal
19.93,20.80,19.44,20.49,19.65,0,Normal
23.54,22.12,22.88,23.10,23.11,0,Normal
22.38,22.38,20.45,22.33,22.11,0,Normal
22.13,21.67,21.59,22.58,22.22,0,Normal
18.17,18.83,18.62,17.16,17.82,0,Normal
19.06,18.80,19.41,40.41,40.00,1,Anomaly
21.94,20.97,21.77,21.29,22.46,0,Normal
21.26,21.14,22.52,22.54,22.18,0,Normal
21.93,21.09,22.55,39.86,43.31,1,Anomaly
17.99,18.73,19.02,18.12,18.10,0,Normal
21.38,20.88,21.65,22.41,20.96,0,Normal
20.11,20.99,20.37,37.26,41.74,1,Anomaly
21.76,20.89,21.55,33.64,43.88,1,Anomaly
21.85,22.56,21.05,21.46,22.59,0,Normal
23.47,22.53,22.25,22.48,23.14,0,Normal
17.87,17.96,18.66,18.12,19.74,0,Normal
19.26,19.54,19.12,19.25,17.88,0,Normal
21.08,20.73,19.76,20.68,19.84,0,Normal
20.05,19.81,19.73,18.51,20.04,0,Normal
19.03,20.42,20.84,18.99,20.82,0,Normal
17.67,18.04,18.16,18.09,18.80,0,Normal
18.69,19.42,19.35,36.72,42.82,1,Anomaly
21.75,22.05,22.28,32.77,35.50,1,Anomaly
19.74,21.07,20.02,19.92,21.37,0,Normal
18.29,18.87,17.36,17.71,19.09,0,Normal
21.62,21.31,22.30,21.42,21.90,0,Normal
19.31,18.42,19.07,18.95,18.37,0,Normal
20.32,19.70,21.37,20.11,19.55,0,Normal
18.21,19.60,17.80,17.72,18.99,0,Normal
20.87,22.09,22.51,21.66,22.30,0,Normal
17.21,17.25,18.42,17.21,17.72,0,Normal
21.67,21.88,21.34,32.77,39.67,1,Anomaly
20.95,19.91,21.37,31.90,38.72,1,Anomaly
19.95,20.01,19.56,19.86,20.06,0,Normal
19.11,17.51,17.25,17.73,18.33,0,Normal
19.77,18.80,18.85,18.57,18.47,0,Normal
21.95,21.50,21.26,32.72,42.12,1,Anomaly
19.00,19.78,19.94,18.70,18.95,0,Normal
21.08,21.22,20.57,21.20,21.12,0,Normal
21.03,20.94,21.30,20.46,20.94,0,Normal
18.81,19.95,20.44,19.55,18.52,0,Normal
22.10,21.25,21.39,31.11,41.53,1,Anomaly
20.55,19.76,19.62,19.66,21.40,0,Normal
23.31,22.55,21.40,43.40,35.19,1,Anomaly
19.96,21.29,20.48,42.30,36.84,1,Anomaly
19.04,19.23,19.42,18.14,18.52,0,Normal
21.28,21.98,20.89,20.81,22.16,0,Normal
18.05,18.38,18.84,19.23,18.16,0,Normal
17.49,18.63,17.48,35.40,37.46,1,Anomaly
21.54,21.49,22.33,22.09,21.19,0,Normal
19.40,18.60,19.19,19.08,19.19,0,Normal
21.72,21.92,21.56,38.19,39.65,1,Anomaly
18.90,18.63,18.39,17.81,18.35,0,Normal
17.96,19.35,18.21,38.89,40.28,1,Anomaly
18.07,17.79,19.09,43.04,39.70,1,Anomaly
21.66,22.12,21.61,22.94,22.77,0,Normal
22.13,21.34,20.76,42.67,36.23,1,Anomaly
19.96,20.37,20.49,20.08,20.38,0,Normal
19.22,18.30,19.06,18.75,18.75,0,Normal
21.38,22.50,21.78,30.13,39.01,1,Anomaly
20.25,19.49,18.74,20.09,20.19,0,Normal
21.18,21.03,21.44,21.35,20.57,0,Normal
21.04,20.27,20.48,22.02,20.83,0,Normal
21.25,21.62,21.48,22.57,21.32,0,Normal
21.59,21.83,21.38,39.64,37.89,1,Anomaly
19.75,20.46,19.33,19.47,19.21,0,Normal
18.65,18.33,19.06,19.59,19.19,0,Normal
23.23,22.61,22.09,22.66,21.83,0,Normal
18.44,17.94,19.73,35.35,39.65,1,Anomaly
20.62,20.88,21.75,21.02,21.85,0,Normal
21.61,22.22,22.37,23.09,21.74,0,Normal
19.24,18.57,19.51,19.87,19.26,0,Normal
20.19,21.62,19.98,21.31,20.87,0,Normal
19.74,19.92,18.66,20.33,20.15,0,Normal
18.74,18.20,18.30,18.57,17.96,0,Normal
21.11,21.07,20.99,21.83,21.07,0,Normal
19.05,19.45,20.03,19.08,19.58,0,Normal
23.10,22.24,22.66,36.65,40.71,1,Anomaly
21.62,22.03,21.23,20.73,21.24,0,Normal
21.01,19.93,21.09,38.17,44.78,1,Anomaly
19.56,20.03,21.47,20.78,20.61,0,Normal
22.74,21.75,21.74,30.35,41.19,1,Anomaly
18.57,20.36,19.78,38.35,37.78,1,Anomaly
18.71,18.39,18.78,18.48,18.96,0,Normal
20.30,18.74,19.80,35.69,40.58,1,Anomaly
22.30,21.93,22.50,22.56,22.03,0,Normal
21.79,22.08,22.00,21.53,21.51,0,Normal
22.22,20.78,21.53,21.44,22.34,0,Normal
18.97,17.85,18.29,19.30,19.49,0,Normal
19.28,18.45,18.44,42.44,42.88,1,Anomaly
22.37,21.73,22.69,22.11,21.20,0,Normal
18.23,18.77,18.97,18.08,19.64,0,Normal
18.36,17.59,17.83,17.51,17.73,0,Normal
19.47,19.10,19.33,32.98,42.56,1,Anomaly
20.07,20.55,21.63,20.02,21.36,0,Normal
19.01,18.40,19.45,18.92,18.28,0,Normal
22.97,21.61,21.58,22.41,23.09,0,Normal
21.30,20.67,21.05,20.67,20.36,0,Normal
18.24,17.93,18.34,17.62,17.75,0,Normal
22.31,22.93,23.12,22.88,23.29,0,Normal
22.44,21.47,21.65,22.51,22.62,0,Normal
20.15,20.91,21.35,20.51,20.91,0,Normal
20.32,20.60,19.18,19.79,20.77,0,Normal
19.04,18.61,18.96,18.78,18.18,0,Normal
18.42,18.36,17.44,18.19,17.63,0,Normal
21.41,20.32,20.46,20.42,21.03,0,Normal
19.90,18.84,19.96,31.04,36.88,1,Anomaly
19.90,18.66,19.50,36.30,42.38,1,Anomaly
22.39,22.89,22.41,22.21,22.26,0,Normal
20.64,21.81,20.33,20.34,20.35,0,Normal
18.47,18.27,18.96,30.18,35.31,1,Anomaly
18.81,18.17,17.38,17.47,18.64,0,Normal
22.99,21.24,21.28,34.75,44.40,1,Anomaly
17.12,17.87,18.54,18.54,18.16,0,Normal
22.76,22.59,22.64,22.59,23.51,0,Normal
18.85,19.42,20.20,19.84,19.80,0,Normal
19.37,18.77,18.06,19.24,18.66,0,Normal
21.34,21.78,21.66,21.88,21.34,0,Normal
19.30,19.27,18.21,18.04,17.97,0,Normal
19.95,20.47,19.64,19.38,19.27,0,Normal
22.09,21.63,22.14,30.50,38.36,1,Anomaly
19.79,19.42,20.41,19.90,20.07,0,Normal
23.06,23.37,21.96,23.41,23.47,0,Normal
22.88,22.07,23.67,22.87,22.91,0,Normal
20.21,21.74,20.22,20.11,21.88,0,Normal
20.92,22.03,22.00,21.02,21.56,0,Normal
21.37,21.07,22.74,22.93,21.17,0,Normal
19.85,19.74,20.74,20.53,20.48,0,Normal
19.15,18.16,19.22,18.56,19.37,0,Normal
18.90,18.62,18.43,17.25,19.19,0,Normal
20.72,20.12,20.65,19.47,19.54,0,Normal
18.11,19.07,17.42,40.11,38.37,1,Anomaly
21.12,21.45,20.62,41.85,43.12,1,Anomaly
19.19,19.03,18.31,18.97,19.02,0,Normal
21.63,20.52,22.51,22.08,21.62,0,Normal
17.75,18.48,18.64,30.84,41.31,1,Anomaly
22.70,23.11,22.11,22.62,22.02,0,Normal
20.89,20.88,21.64,21.64,20.50,0,Normal
19.88,21.18,19.28,19.63,19.22,0,Normal
22.43,22.91,23.37,23.37,22.78,0,Normal
22.09,22.41,20.81,35.78,35.89,1,Anomaly
17.99,18.06,19.15,44.29,35.71,1,Anomaly
21.44,22.12,21.24,21.69,22.50,0,Normal
19.39,20.11,19.33,20.23,19.35,0,Normal
20.05,19.46,19.70,19.75,18.42,0,Normal
21.48,21.43,22.69,22.90,21.62,0,Normal
18.96,18.24,18.40,17.64,18.95,0,Normal
17.70,17.51,18.87,18.74,17.52,0,Normal
18.15,17.85,18.11,35.81,41.35,1,Anomaly
18.29,17.55,17.48,17.31,18.88,0,Normal
20.64,19.03,19.52,20.77,19.71,0,Normal
18.69,18.76,20.38,19.42,19.24,0,Normal
22.66,22.97,21.33,22.00,22.44,0,Normal
21.97,22.64,22.89,21.88,23.19,0,Normal
18.86,17.42,17.89,18.77,17.36,0,Normal
22.08,21.82,21.40,20.70,21.46,0,Normal
21.43,21.31,19.77,20.36,20.28,0,Normal
22.94,22.27,22.11,23.39,21.93,0,Normal
19.76,20.10,20.67,19.74,21.15,0,Normal
20.09,19.83,19.41,44.19,36.92,1,Anomaly
23.02,23.49,22.36,21.87,22.59,0,Normal
21.32,22.23,22.37,21.81,21.39,0,Normal
19.54,19.73,18.29,44.48,41.70,1,Anomaly
21.44,22.09,21.11,22.72,22.23,0,Normal
20.81,19.48,20.05,21.15,20.50,0,Normal
17.16,18.67,17.30,17.75,18.59,0,Normal
18.18,18.25,18.15,35.80,38.32,1,Anomaly
21.26,20.92,20.44,22.25,21.77,0,Normal
21.31,20.28,19.84,36.47,39.17,1,Anomaly
23.49,21.86,22.84,37.44,37.27,1,Anomaly
18.36,17.39,18.12,33.91,40.59,1,Anomaly
19.87,20.75,21.22,20.39,19.97,0,Normal
21.73,22.74,22.96,21.83,21.40,0,Normal
19.35,19.91,19.76,19.58,19.68,0,Normal
19.39,20.38,21.01,43.80,43.17,1,Anomaly
18.75,18.45,18.28,40.67,44.71,1,Anomaly
18.98,19.03,20.74,19.94,19.63,0,Normal
22.25,21.10,21.00,20.75,21.03,0,Normal
20.36,18.95,20.24,36.72,39.44,1,Anomaly
23.24,22.49,22.36,22.46,22.97,0,Normal
19.20,18.57,19.52,35.73,39.13,1,Anomaly
19.14,18.44,17.69,32.90,41.19,1,Anomaly
22.69,21.12,21.27,22.24,21.29,0,Normal
23.56,22.02,22.60,22.79,23.73,0,Normal
21.82,21.21,21.61,21.02,20.71,0,Normal
18.98,19.33,20.03,18.99,19.91,0,Normal
21.90,22.25,22.46,23.56,22.79,0,Normal
18.83,19.09,20.19,20.22,19.09,0,Normal
19.63,18.82,18.55,19.31,18.26,0,Normal
21.70,21.84,21.45,36.20,36.58,1,Anomaly
21.57,22.42,23.36,21.74,23.29,0,Normal
21.05,21.35,20.09,21.28,20.68,0,Normal
19.57,19.01,19.98,20.35,19.42,0,Normal
21.53,22.18,22.67,22.36,21.82,0,Normal
20.40,21.41,21.79,31.52,38.79,1,Anomaly
18.19,17.23,17.60,17.99,18.81,0,Normal
20.58,19.89,20.84,33.47,36.21,1,Anomaly
21.23,21.66,20.59,33.59,43.83,1,Anomaly
18.24,17.63,18.79,18.91,18.48,0,Normal
18.11,18.44,17.85,19.34,18.86,0,Normal
17.97,18.41,19.45,18.71,19.46,0,Normal
20.78,20.32,20.07,20.41,21.36,0,Normal
21.72,23.12,22.26,23.12,23.16,0,Normal
21.40,21.51,21.90,22.76,21.77,0,Normal
21.84,21.78,22.39,22.13,21.57,0,Normal
22.74,22.42,21.43,33.51,41.35,1,Anomaly
21.31,21.66,22.94,39.68,44.24,1,Anomaly
21.01,21.53,20.95,21.30,21.54,0,Normal
21.20,22.24,22.18,42.10,43.36,1,Anomaly
18.78,19.65,18.35,41.44,39.99,1,Anomaly
20.49,20.40,19.86,18.81,20.05,0,Normal
21.56,22.31,20.79,21.95,21.45,0,Normal
21.69,20.70,20.87,40.85,39.04,1,Anomaly
21.59,21.44,20.28,31.21,39.18,1,Anomaly
22.78,21.88,22.74,21.63,21.80,0,Normal
22.31,21.33,21.41,22.09,21.57,0,Normal
22.88,23.25,23.01,22.08,22.16,0,Normal
22.38,22.12,22.17,21.86,20.67,0,Normal
20.35,19.10,19.41,19.73,20.08,0,Normal
20.24,20.30,20.37,30.77,41.21,1,Anomaly
19.13,17.65,18.97,18.81,18.04,0,Normal
17.34,18.88,18.22,18.75,17.41,0,Normal
21.06,20.28,20.39,20.52,21.48,0,Normal
20.87,19.36,20.95,39.49,44.84,1,Anomaly
17.38,18.43,18.56,18.06,17.51,0,Normal
18.92,17.57,18.59,18.99,17.42,0,Normal
21.19,21.64,21.59,21.69,20.69,0,Normal
17.82,17.54,18.12,18.11,17.52,0,Normal
21.21,20.90,22.59,21.76,21.21,0,Normal
21.78,22.79,21.61,21.81,23.20,0,Normal
18.89,18.69,19.68,19.40,19.68,0,Normal
21.43,22.90,23.14,21.38,21.38,0,Normal
22.71,23.08,22.09,22.93,22.76,0,Normal
21.74,22.70,21.63,23.02,22.99,0,Normal
21.41,21.13,21.12,21.77,21.92,0,Normal
20.53,19.09,18.91,18.99,18.87,0,Normal
21.84,22.04,22.81,23.51,22.81,0,Normal
18.38,18.60,18.75,19.22,18.01,0,Normal
19.16,18.33,19.06,18.90,19.23,0,Normal
22.10,21.89,22.28,22.58,21.97,0,Normal
22.04,20.81,21.29,20.66,21.06,0,Normal
22.20,21.70,21.33,39.95,36.29,1,Anomaly
20.46,19.35,19.63,19.76,20.33,0,Normal
19.53,19.34,19.36,19.35,18.63,0,Normal
22.89,23.28,21.98,22.97,23.06,0,Normal
20.28,19.44,20.91,19.15,20.10,0,Normal
22.67,22.47,22.51,31.79,35.85,1,Anomaly
19.19,19.73,20.09,34.22,42.19,1,Anomaly
21.53,22.23,21.80,22.80,22.91,0,Normal
22.53,22.66,22.21,22.49,22.41,0,Normal
21.06,22.11,22.76,22.91,21.35,0,Normal
20.56,21.71,21.08,38.91,42.29,1,Anomaly
21.73,21.42,22.15,21.60,21.41,0,Normal
18.60,19.19,20.07,19.66,19.89,0,Normal
23.61,23.39,22.42,22.35,23.49,0,Normal
18.29,19.01,19.50,19.49,18.13,0,Normal
17.42,17.88,17.43,17.81,17.41,0,Normal
22.74,22.14,20.88,20.81,21.67,0,Normal
18.92,19.61,19.69,32.00,35.21,1,Anomaly
20.52,19.18,19.14,38.94,39.77,1,Anomaly
23.24,23.77,23.30,23.52,22.71,0,Normal
18.17,18.47,18.94,19.01,18.04,0,Normal
19.84,19.98,18.99,44.72,43.09,1,Anomaly
22.55,21.90,21.98,22.09,22.83,0,Normal
19.93,21.74,21.47,20.84,20.57,0,Normal
17.47,17.76,18.59,19.30,18.34,0,Normal
20.18,18.72,18.89,20.06,18.75,0,Normal
20.08,19.49,20.24,43.77,41.69,1,Anomaly
22.61,22.29,22.63,20.85,21.50,0,Normal
18.45,18.92,19.12,30.50,37.51,1,Anomaly
20.37,20.08,20.30,20.17,21.37,0,Normal
19.33,19.03,19.98,30.47,43.78,1,Anomaly
18.71,17.77,17.61,19.32,18.47,0,Normal
20.38,20.21,19.26,35.97,41.98,1,Anomaly
19.02,19.60,19.25,19.28,19.88,0,Normal
21.62,21.84,21.86,21.37,21.93,0,Normal
18.53,19.16,17.64,18.94,18.74,0,Normal
18.93,18.59,18.96,19.47,18.11,0,Normal
21.52,22.08,21.33,21.87,20.59,0,Normal
21.56,21.59,20.70,19.87,21.63,0,Normal
21.35,22.41,22.59,21.21,22.58,0,Normal
17.05,17.85,17.21,17.98,17.65,0,Normal
18.47,18.84,18.08,18.88,18.07,0,Normal
22.32,22.54,22.63,22.26,21.42,0,Normal
18.04,18.73,19.06,17.47,17.96,0,Normal
22.56,23.61,22.99,22.38,22.74,0,Normal
19.11,18.27,17.76,18.54,17.41,0,Normal
19.17,19.59,19.80,33.58,37.84,1,Anomaly
22.92,22.36,22.03,32.64,35.21,1,Anomaly
18.91,18.29,19.44,18.46,19.36,0,Normal
21.96,23.17,23.35,38.24,44.33,1,Anomaly
20.80,19.71,20.19,19.61,21.18,0,Normal
21.17,20.84,20.23,20.17,19.85,0,Normal
22.82,21.85,22.25,33.51,39.56,1,Anomaly
19.58,19.42,18.87,20.37,19.68,0,Normal
20.76,20.76,21.04,35.82,43.65,1,Anomaly
21.61,22.29,22.24,21.93,22.44,0,Normal
19.24,18.54,18.97,19.24,19.11,0,Normal
20.17,20.70,20.98,19.56,19.83,0,Normal
18.33,19.33,18.94,18.51,18.71,0,Normal
18.24,18.60,18.87,18.50,18.93,0,Normal
18.74,19.13,18.79,30.69,39.03,1,Anomaly
23.25,22.91,23.60,22.27,22.97,0,Normal
19.88,20.23,20.58,33.94,41.85,1,Anomaly
21.84,22.09,20.47,36.50,36.45,1,Anomaly
22.25,22.79,23.55,23.15,23.91,0,Normal
21.79,21.31,21.63,19.91,20.00,0,Normal
21.46,21.62,20.19,21.30,20.62,0,Normal
20.94,21.41,22.02,40.42,40.58,1,Anomaly
22.42,22.20,22.32,23.32,22.48,0,Normal
17.76,18.22,18.70,17.71,18.66,0,Normal
20.78,21.25,22.21,22.22,21.14,0,Normal
22.83,21.55,21.75,21.58,22.55,0,Normal
20.60,20.84,19.49,20.65,20.13,0,Normal
21.33,21.23,21.28,21.79,21.53,0,Normal
19.02,19.18,19.22,18.77,17.70,0,Normal
20.84,22.53,21.30,20.97,22.34,0,Normal
22.37,20.84,22.06,44.69,41.48,1,Anomaly
17.54,18.67,18.97,18.94,17.63,0,Normal
20.83,20.86,19.24,19.03,20.20,0,Normal
18.69,19.50,18.15,34.51,44.75,1,Anomaly
18.74,18.74,20.24,19.87,19.70,0,Normal
21.58,21.97,22.31,23.41,23.21,0,Normal
19.98,20.72,21.80,19.91,20.08,0,Normal
18.84,17.81,18.11,18.80,19.02,0,Normal
19.42,18.18,19.65,18.97,18.66,0,Normal
19.32,20.79,20.35,40.01,39.13,1,Anomaly
18.02,19.63,19.82,18.47,19.24,0,Normal
21.83,21.50,21.10,20.85,21.01,0,Normal
23.66,23.01,22.60,23.23,23.75,0,Normal
19.87,19.80,18.57,30.83,44.88,1,Anomaly
20.25,19.38,19.89,19.54,19.53,0,Normal
21.74,21.33,22.11,22.27,22.31,0,Normal
23.50,22.19,22.74,22.07,21.91,0,Normal
21.95,21.92,22.05,22.16,22.19,0,Normal
22.63,23.41,22.28,22.06,23.13,0,Normal
19.95,19.02,19.87,20.48,20.09,0,Normal
17.60,19.35,17.96,18.81,18.59,0,Normal
21.05,19.95,20.71,20.68,21.05,0,Normal
19.43,19.24,17.94,18.90,18.17,0,Normal
21.15,19.61,20.96,19.44,20.89,0,Normal
22.19,22.54,22.22,21.77,21.70,0,Normal
20.56,19.60,20.66,20.76,19.59,0,Normal
19.74,19.93,18.61,19.29,19.67,0,Normal
20.18,20.13,20.46,42.45,42.03,1,Anomaly
21.43,22.50,21.18,31.93,43.59,1,Anomaly
20.15,18.70,19.04,20.07,19.44,0,Normal
20.53,20.65,19.64,21.06,20.67,0,Normal
20.31,19.67,19.84,20.93,21.11,0,Normal
22.37,22.57,23.67,22.40,23.79,0,Normal
21.54,21.55,21.78,20.15,21.83,0,Normal
22.44,20.94,22.33,22.38,21.02,0,Normal
19.73,19.74,20.40,20.15,20.22,0,Normal
18.17,19.38,18.48,17.82,17.84,0,Normal
21.73,21.46,22.89,22.42,22.94,0,Normal
18.91,20.02,19.76,19.78,18.66,0,Normal
21.42,21.41,19.58,20.91,19.77,0,Normal
20.58,18.80,19.43,19.03,19.36,0,Normal
20.44,22.13,21.20,20.44,21.08,0,Normal
21.67,20.61,20.68,38.73,35.25,1,Anomaly
23.62,22.46,21.97,42.70,37.91,1,Anomaly
18.43,18.78,18.47,18.75,17.46,0,Normal
19.76,19.04,19.13,32.22,41.01,1,Anomaly
18.97,19.10,18.99,38.75,41.07,1,Anomaly
21.00,19.32,19.85,34.35,44.52,1,Anomaly
17.57,17.97,18.25,41.87,38.24,1,Anomaly
18.81,18.59,18.16,18.26,19.96,0,Normal
18.62,18.00,19.21,18.71,17.98,0,Normal
17.23,18.50,18.60,17.90,17.16,0,Normal
19.70,19.85,20.15,32.76,37.68,1,Anomaly
17.28,19.02,17.64,17.61,18.30,0,Normal
18.89,19.05,18.72,17.48,19.10,0,Normal
21.45,22.73,21.86,21.68,21.43,0,Normal
20.04,19.43,18.93,20.04,19.12,0,Normal
22.88,22.91,22.78,33.94,41.48,1,Anomaly
18.92,18.29,18.51,18.63,19.41,0,Normal
21.50,22.98,21.77,22.03,22.87,0,Normal
20.42,20.67,21.12,20.73,19.52,0,Normal
19.51,20.14,19.11,42.84,41.49,1,Anomaly
18.73,18.95,20.42,30.18,41.12,1,Anomaly
19.32,20.28,19.49,20.80,20.77,0,Normal
18.32,18.80,18.08,43.80,39.47,1,Anomaly
21.01,20.73,21.62,44.62,40.47,1,Anomaly
21.08,20.58,20.67,35.27,44.77,1,Anomaly
19.57,20.04,20.54,20.71,19.46,0,Normal
19.09,18.52,19.07,38.04,44.59,1,Anomaly
18.19,17.76,19.22,30.22,37.48,1,Anomaly
19.54,19.88,19.58,19.29,18.23,0,Normal
23.65,22.11,22.22,34.76,44.99,1,Anomaly
17.27,17.23,17.21,35.24,44.00,1,Anomaly
21.64,21.82,22.04,20.84,21.48,0,Normal
18.24,18.52,18.81,18.03,19.47,0,Normal
18.68,19.49,19.96,37.11,41.63,1,Anomaly
19.87,19.08,20.88,20.91,20.37,0,Normal
22.29,22.53,20.71,22.50,22.53,0,Normal
22.78,22.59,23.25,23.10,22.03,0,Normal
21.50,23.20,23.14,30.11,35.89,1,Anomaly
19.19,18.90,19.97,19.73,19.51,0,Normal
22.76,22.49,22.03,36.22,44.41,1,Anomaly
20.30,19.76,21.07,19.75,20.75,0,Normal
20.52,21.46,20.29,21.73,20.88,0,Normal
20.87,20.19,20.23,19.60,19.56,0,Normal
20.81,19.03,19.33,20.38,19.46,0,Normal
22.49,22.28,22.29,21.99,21.95,0,Normal
18.86,18.78,18.59,18.28,18.79,0,Normal
19.38,18.44,18.88,18.67,19.61,0,Normal
22.03,21.18,21.99,34.98,42.46,1,Anomaly
18.57,18.48,19.24,18.47,18.99,0,Normal
20.35,21.23,20.63,20.49,21.88,0,Normal
19.11,17.72,19.01,30.69,37.73,1,Anomaly
19.66,21.27,21.25,20.31,19.53,0,Normal
20.38,19.49,20.05,42.65,39.65,1,Anomaly
17.87,18.78,17.82,18.70,17.43,0,Normal
20.97,21.84,21.08,22.03,20.72,0,Normal
21.86,22.28,22.81,23.09,22.62,0,Normal
20.15,21.53,20.31,21.48,20.74,0,Normal
19.98,19.79,20.84,19.96,19.93,0,Normal
21.20,21.65,22.32,35.07,41.47,1,Anomaly
20.17,20.07,19.61,19.69,20.75,0,Normal
20.83,19.73,20.69,35.55,40.55,1,Anomaly
18.94,19.21,18.98,19.47,20.17,0,Normal
20.64,19.52,21.33,30.14,44.54,1,Anomaly
19.70,18.88,19.81,18.64,19.55,0,Normal
18.65,18.73,18.54,18.98,18.56,0,Normal
19.13,18.99,19.56,19.33,20.46,0,Normal
17.93,18.60,17.89,18.67,18.41,0,Normal
20.04,20.91,21.20,20.62,20.03,0,Normal
22.41,21.71,22.68,22.10,22.31,0,Normal
18.01,19.52,19.44,17.77,19.38,0,Normal
23.45,22.47,23.20,22.94,23.10,0,Normal
19.76,19.36,18.90,19.17,18.70,0,Normal
20.84,20.68,19.64,20.07,20.89,0,Normal
21.50,20.19,20.66,37.81,42.84,1,Anomaly
19.53,19.35,20.45,30.05,35.11,1,Anomaly
21.10,20.49,21.75,30.59,36.78,1,Anomaly
22.04,22.92,22.51,43.05,40.01,1,Anomaly
19.18,18.67,18.89,18.97,19.95,0,Normal
20.77,20.62,21.78,40.47,35.36,1,Anomaly
20.69,18.90,18.75,19.11,18.79,0,Normal
21.96,21.22,22.01,22.56,20.76,0,Normal
19.58,18.23,18.70,19.69,19.53,0,Normal
19.03,19.06,20.30,35.92,35.43,1,Anomaly
21.39,21.36,19.93,21.62,20.28,0,Normal
22.19,22.65,22.11,23.56,22.25,0,Normal
21.97,21.60,21.38,41.52,41.24,1,Anomaly
18.27,17.34,17.63,18.88,18.86,0,Normal
21.27,20.79,20.21,20.23,19.61,0,Normal
19.76,19.36,20.10,34.02,42.35,1,Anomaly
17.76,18.76,17.83,17.85,18.88,0,Normal
19.50,18.41,17.99,19.58,19.27,0,Normal
19.33,19.28,19.37,19.49,19.67,0,Normal
19.98,19.27,19.60,19.10,18.55,0,Normal
18.98,19.31,18.79,18.15,18.00,0,Normal
17.40,17.83,19.05,18.67,18.46,0,Normal
21.10,21.84,20.72,34.04,42.33,1,Anomaly
18.05,19.30,19.66,18.29,18.12,0,Normal
20.48,21.41,21.65,32.73,35.84,1,Anomaly
21.14,20.48,20.30,21.65,20.66,0,Normal
23.85,22.04,23.20,23.89,22.81,0,Normal
17.87,18.46,17.05,42.80,37.40,1,Anomaly
20.35,19.99,20.45,20.85,19.63,0,Normal
18.02,17.83,19.11,18.09,19.35,0,Normal
21.72,22.84,22.70,22.36,21.58,0,Normal
20.43,20.46,20.63,19.92,19.51,0,Normal
20.51,21.25,21.63,21.48,20.65,0,Normal
19.16,19.78,20.43,19.40,19.88,0,Normal
23.79,23.57,22.70,23.76,22.05,0,Normal
21.66,22.10,20.94,22.54,22.46,0,Normal
19.66,19.64,19.30,37.21,38.61,1,Anomaly
21.28,22.01,22.37,21.76,21.87,0,Normal
20.77,20.56,20.94,40.30,43.63,1,Anomaly
20.45,19.72,19.79,20.35,19.88,0,Normal
20.89,20.81,20.54,21.43,21.45,0,Normal
18.20,18.28,19.41,18.54,17.47,0,Normal
20.48,20.01,21.04,38.32,39.67,1,Anomaly
21.74,21.41,22.36,21.58,22.87,0,Normal
17.07,18.17,18.22,30.29,41.03,1,Anomaly
22.68,22.26,22.52,39.44,38.54,1,Anomaly
23.27,21.97,23.24,22.64,22.44,0,Normal
22.18,22.24,23.13,21.52,22.83,0,Normal
22.83,22.91,21.52,21.77,23.23,0,Normal
19.21,19.25,19.07,18.61,19.25,0,Normal
19.97,19.90,19.60,20.08,19.48,0,Normal
19.59,19.71,19.99,41.69,35.99,1,Anomaly
18.71,19.17,18.62,17.59,19.04,0,Normal
20.39,20.51,21.01,41.90,44.30,1,Anomaly
19.79,18.37,19.68,18.48,18.81,0,Normal
18.11,19.69,19.73,19.21,18.40,0,Normal
19.47,18.17,19.88,19.91,18.11,0,Normal
19.50,19.79,20.86,37.93,36.77,1,Anomaly
18.44,18.41,17.52,31.37,39.31,1,Anomaly
22.58,22.44,22.65,22.93,21.27,0,Normal
21.38,21.48,20.13,21.78,20.13,0,Normal
22.52,23.52,23.11,37.37,36.39,1,Anomaly
18.61,20.25,19.21,18.70,18.86,0,Normal
18.81,19.66,19.74,18.96,19.92,0,Normal
19.81,20.11,19.84,19.02,19.06,0,Normal
23.36,23.06,22.49,22.80,23.83,0,Normal
20.54,20.50,19.84,20.43,19.82,0,Normal
20.20,20.58,20.51,30.94,43.21,1,Anomaly
18.50,18.34,18.05,17.50,17.40,0,Normal
23.11,22.54,23.26,21.54,22.13,0,Normal
23.36,22.68,22.25,41.87,41.24,1,Anomaly
21.64,22.62,22.78,22.17,22.79,0,Normal
22.26,22.91,22.33,23.80,22.04,0,Normal
17.26,17.50,18.90,17.82,18.82,0,Normal
18.45,18.29,18.65,19.15,18.63,0,Normal
20.21,20.33,20.13,19.17,19.06,0,Normal
21.72,21.38,22.86,22.69,22.51,0,Normal
21.34,21.06,21.34,21.22,22.10,0,Normal
18.10,19.79,18.99,18.82,20.03,0,Normal
20.48,20.78,21.00,20.51,22.03,0,Normal
19.11,18.68,18.25,18.50,19.19,0,Normal
21.50,21.32,20.31,20.17,20.20,0,Normal
21.29,22.19,21.90,40.62,38.24,1,Anomaly
18.57,18.90,17.83,19.38,17.73,0,Normal
20.63,20.74,21.51,30.16,41.14,1,Anomaly
19.95,20.75,20.82,40.10,38.29,1,Anomaly
22.77,22.48,22.38,43.46,43.53,1,Anomaly
18.83,19.35,20.28,31.40,43.32,1,Anomaly
23.48,23.41,23.30,22.13,23.18,0,Normal
22.99,23.56,22.17,23.46,22.66,0,Normal
18.87,18.54,17.49,18.48,17.76,0,Normal
18.24,19.32,18.63,44.29,44.19,1,Anomaly
20.04,19.17,19.53,20.96,21.02,0,Normal
20.06,20.32,20.68,32.81,35.27,1,Anomaly
22.39,21.87,22.96,22.54,21.77,0,Normal
21.32,21.22,20.72,21.60,20.91,0,Normal
22.76,21.49,21.61,37.46,41.79,1,Anomaly
18.14,18.76,17.44,36.84,39.79,1,Anomaly
23.24,22.97,23.18,31.38,38.73,1,Anomaly
18.06,18.73,18.29,18.75,17.48,0,Normal
21.28,21.00,21.20,22.40,21.14,0,Normal
22.86,22.58,22.36,43.22,40.47,1,Anomaly
19.16,18.17,17.91,18.52,19.43,0,Normal
20.83,20.55,20.09,34.29,37.94,1,Anomaly
18.07,18.04,18.46,18.02,19.46,0,Normal
22.31,22.97,22.57,21.25,21.26,0,Normal
22.03,21.94,22.22,20.91,21.01,0,Normal
23.07,23.32,22.52,22.60,22.85,0,Normal
20.07,19.14,19.35,19.69,19.46,0,Normal
20.40,21.99,21.51,21.48,20.88,0,Normal
20.47,21.51,21.56,36.66,36.29,1,Anomaly
22.05,22.91,22.11,37.45,37.76,1,Anomaly
19.08,19.44,19.22,18.71,18.07,0,Normal
21.10,21.10,21.19,21.82,20.25,0,Normal
23.28,22.55,21.96,21.79,21.85,0,Normal
20.26,19.82,20.06,19.23,20.33,0,Normal
20.97,19.92,21.44,20.47,19.81,0,Normal
23.22,22.65,22.46,35.43,43.87,1,Anomaly
22.66,22.57,21.21,22.20,22.00,0,Normal
19.22,18.85,18.18,35.68,44.71,1,Anomaly
19.54,19.19,17.92,19.20,17.87,0,Normal
21.39,22.41,21.34,22.05,21.98,0,Normal
20.89,19.86,20.45,33.63,43.31,1,Anomaly
22.21,23.04,22.10,21.41,21.39,0,Normal
18.04,18.15,19.33,18.31,18.61,0,Normal
22.07,22.42,22.50,23.07,22.20,0,Normal
17.90,17.86,18.92,18.97,18.53,0,Normal
21.22,21.84,20.81,38.57,44.75,1,Anomaly
18.73,19.98,20.38,20.48,20.23,0,Normal
17.83,17.32,19.14,18.16,17.76,0,Normal
18.12,17.77,18.18,19.02,19.11,0,Normal
18.25,19.03,19.58,18.10,19.29,0,Normal
22.37,22.52,23.23,22.47,22.59,0,Normal
22.00,22.18,22.38,22.09,23.05,0,Normal
22.73,21.53,22.83,21.50,22.59,0,Normal
19.95,18.79,19.68,19.02,20.28,0,Normal
20.80,20.92,20.82,21.21,20.83,0,Normal
22.12,21.96,20.94,21.88,21.19,0,Normal
21.85,20.59,20.83,20.27,21.76,0,Normal
22.89,23.16,22.57,35.54,41.22,1,Anomaly
20.77,19.17,20.82,20.94,20.00,0,Normal
18.88,18.55,19.00,18.37,17.99,0,Normal
21.71,21.41,21.53,39.31,37.08,1,Anomaly
21.64,22.70,23.07,23.01,22.43,0,Normal
22.53,23.19,22.92,33.40,39.10,1,Anomaly
17.78,19.05,17.70,19.39,19.03,0,Normal
20.00,18.89,19.50,18.87,19.50,0,Normal
19.28,18.55,18.59,19.35,18.55,0,Normal
20.24,20.15,19.11,20.36,19.65,0,Normal
19.78,17.99,18.44,30.68,38.52,1,Anomaly
22.25,22.16,20.50,20.68,21.69,0,Normal
22.14,22.93,21.49,21.36,21.73,0,Normal
22.11,22.75,22.79,21.81,22.21,0,Normal
21.97,21.23,22.87,21.52,22.92,0,Normal
19.25,20.77,19.34,38.00,38.23,1,Anomaly
19.17,17.34,17.25,17.46,17.54,0,Normal
23.21,21.87,23.11,22.23,23.14,0,Normal
21.61,21.55,22.42,21.10,21.11,0,Normal
20.56,20.52,22.33,21.90,21.54,0,Normal
18.78,18.36,18.27,19.19,19.98,0,Normal
18.00,19.11,19.16,19.20,17.90,0,Normal
18.57,18.43,19.07,18.91,18.79,0,Normal
17.89,19.19,18.42,35.18,44.17,1,Anomaly
17.38,17.59,17.61,17.91,19.14,0,Normal
20.07,20.33,19.26,30.06,38.67,1,Anomaly
21.43,22.70,21.25,21.15,21.09,0,Normal
22.03,22.93,22.00,22.37,22.88,0,Normal
20.85,20.85,19.84,19.95,20.45,0,Normal
19.49,19.43,20.12,19.43,19.13,0,Normal
21.77,23.17,22.39,22.33,21.57,0,Normal
21.10,20.13,19.63,20.01,20.11,0,Normal
20.19,21.05,20.10,21.18,21.22,0,Normal
20.97,20.65,22.05,21.28,20.98,0,Normal
17.98,18.82,18.45,19.18,18.72,0,Normal
19.69,18.52,18.76,18.69,19.05,0,Normal
22.07,21.05,22.00,20.21,20.93,0,Normal
21.66,23.28,21.78,21.91,23.13,0,Normal
17.70,18.20,18.40,17.58,17.90,0,Normal
21.88,21.95,21.34,21.95,21.87,0,Normal
21.15,21.22,21.44,21.38,21.01,0,Normal
23.03,22.25,22.23,42.35,44.49,1,Anomaly
18.95,19.50,17.91,18.61,19.36,0,Normal
22.84,21.98,23.04,23.29,23.49,0,Normal
20.12,20.24,21.17,20.80,20.31,0,Normal
18.15,17.80,18.36,18.84,18.30,0,Normal
20.32,21.25,19.71,41.18,43.82,1,Anomaly
23.00,22.91,23.23,21.72,22.93,0,Normal
17.15,18.46,18.04,19.05,18.20,0,Normal
21.61,20.84,20.02,21.13,20.60,0,Normal
17.97,19.33,18.09,18.16,19.34,0,Normal
20.32,19.83,19.24,19.58,18.95,0,Normal
19.31,19.07,18.04,42.79,35.01,1,Anomaly
22.57,21.43,23.19,21.40,21.66,0,Normal
18.81,19.39,19.16,18.94,19.57,0,Normal
23.73,23.68,23.13,23.49,22.89,0,Normal
19.68,18.67,18.71,19.13,19.88,0,Normal
20.64,20.98,19.79,20.02,19.61,0,Normal
23.06,22.69,23.82,22.88,23.21,0,Normal
22.22,21.90,21.79,33.14,42.79,1,Anomaly
20.34,19.35,20.13,19.59,19.06,0,Normal
21.97,22.34,21.89,44.67,37.57,1,Anomaly
20.58,21.13,21.95,38.23,35.87,1,Anomaly
18.81,20.15,19.91,43.13,38.62,1,Anomaly
20.05,20.90,20.97,19.78,21.33,0,Normal
18.35,18.66,18.03,18.12,18.76,0,Normal
18.08,18.05,17.65,32.85,39.84,1,Anomaly
19.98,21.28,19.86,38.52,44.60,1,Anomaly
22.51,23.58,22.42,22.05,23.04,0,Normal
17.96,17.88,18.71,19.03,18.17,0,Normal
21.74,20.72,22.12,42.75,42.07,1,Anomaly
20.70,21.21,21.74,40.35,42.53,1,Anomaly
18.31,18.28,19.34,17.53,17.64,0,Normal
22.00,22.05,23.78,22.68,23.05,0,Normal
21.63,22.09,21.67,40.47,38.71,1,Anomaly
18.10,18.91,18.58,18.92,17.35,0,Normal
21.94,21.54,20.50,21.03,21.44,0,Normal
20.97,20.34,21.48,21.40,21.83,0,Normal
18.56,19.16,19.64,33.68,44.37,1,Anomaly
19.21,19.66,20.66,18.90,20.20,0,Normal
21.92,22.29,22.03,22.09,21.74,0,Normal
22.51,23.38,22.44,40.25,37.99,1,Anomaly
18.29,17.97,19.01,18.82,17.32,0,Normal
20.29,18.85,19.65,31.83,38.32,1,Anomaly
19.01,20.35,20.59,20.53,19.99,0,Normal
21.61,21.44,22.77,22.14,23.26,0,Normal
22.08,21.22,21.44,22.35,21.56,0,Normal
19.29,20.47,19.54,20.32,20.59,0,Normal
21.80,21.63,20.93,39.97,44.02,1,Anomaly
21.22,19.83,19.47,20.09,20.66,0,Normal
20.31,20.04,20.75,40.80,44.01,1,Anomaly
20.22,20.14,20.23,40.14,43.94,1,Anomaly
18.45,18.91,19.13,31.68,44.23,1,Anomaly
22.37,20.59,21.67,44.56,44.50,1,Anomaly
18.90,18.54,17.83,18.48,17.80,0,Normal
23.16,22.10,23.27,43.66,40.06,1,Anomaly
21.86,23.40,22.60,36.14,35.90,1,Anomaly
19.94,20.14,19.27,19.70,19.73,0,Normal
18.07,19.16,17.72,36.08,44.21,1,Anomaly
21.01,20.64,21.41,21.37,21.59,0,Normal
19.58,20.72,18.97,20.59,20.17,0,Normal
20.55,19.41,19.24,20.45,19.39,0,Normal
17.84,17.96,19.44,38.96,39.10,1,Anomaly
20.90,21.14,21.22,20.56,20.42,0,Normal
20.49,20.68,21.04,42.12,36.94,1,Anomaly
19.01,19.75,18.49,18.58,18.10,0,Normal
20.41,19.92,20.62,21.43,20.88,0,Normal
21.24,21.24,21.97,20.97,21.86,0,Normal
19.96,20.43,20.46,39.69,35.32,1,Anomaly
20.15,20.61,21.72,20.62,21.89,0,Normal
21.18,20.39,21.18,31.37,37.85,1,Anomaly
21.71,21.49,21.84,20.31,20.57,0,Normal
19.45,18.91,18.85,18.36,19.53,0,Normal
19.02,19.38,18.71,42.31,43.43,1,Anomaly
19.77,19.10,20.24,19.20,19.92,0,Normal
18.53,18.27,18.43,18.18,19.32,0,Normal
23.09,22.01,23.06,22.58,21.14,0,Normal
20.78,21.63,22.13,21.14,21.29,0,Normal
23.19,22.34,22.65,22.51,22.03,0,Normal
19.77,20.18,19.65,19.92,20.51,0,Normal
22.30,22.68,21.76,22.58,22.10,0,Normal
18.84,19.31,19.15,18.19,19.04,0,Normal
19.18,19.68,19.48,19.03,19.21,0,Normal
18.43,19.02,18.22,17.94,17.56,0,Normal
18.55,18.56,19.03,17.71,18.58,0,Normal
18.84,19.65,20.28,35.74,35.38,1,Anomaly
19.46,19.86,20.01,18.90,18.96,0,Normal
19.25,18.03,18.66,42.10,40.91,1,Anomaly
18.73,19.99,19.03,19.11,19.99,0,Normal
19.30,19.61,20.25,19.70,19.68,0,Normal
18.45,19.85,20.30,20.38,19.59,0,Normal
19.27,18.28,20.08,18.37,19.93,0,Normal
22.73,22.22,22.40,22.02,21.83,0,Normal
22.32,22.57,21.64,22.10,22.51,0,Normal
21.59,21.36,21.23,21.82,21.64,0,Normal
22.93,22.38,21.91,23.27,22.45,0,Normal
22.74,22.85,23.05,23.53,22.16,0,Normal
22.11,22.88,23.18,23.34,23.30,0,Normal
22.36,22.84,23.06,35.28,39.06,1,Anomaly
18.13,19.95,18.39,18.46,18.95,0,Normal
22.19,22.86,22.04,23.38,22.47,0,Normal
20.60,20.95,20.07,20.27,19.87,0,Normal
21.68,23.02,21.73,36.24,39.49,1,Anomaly
20.44,21.59,21.48,35.04,40.10,1,Anomaly
21.72,22.73,21.89,30.57,40.76,1,Anomaly
22.90,22.95,21.84,21.42,22.33,0,Normal
20.78,20.51,21.09,20.65,20.70,0,Normal
21.02,19.72,19.48,20.73,19.91,0,Normal
20.78,20.71,20.33,22.17,20.47,0,Normal
18.68,18.45,18.43,18.71,18.61,0,Normal
22.89,22.12,22.55,21.33,22.15,0,Normal
19.90,20.19,20.83,19.88,19.34,0,Normal
21.39,20.88,20.50,30.23,39.41,1,Anomaly
19.32,18.69,19.21,30.71,36.83,1,Anomaly
23.09,21.65,21.58,21.72,22.70,0,Normal
20.51,21.25,20.83,20.42,21.75,0,Normal
17.29,17.51,18.71,18.82,18.48,0,Normal
20.10,19.34,20.54,20.07,19.59,0,Normal
22.37,21.89,22.16,22.34,22.58,0,Normal
21.94,21.60,21.23,21.70,20.44,0,Normal
21.94,21.10,21.57,20.82,21.19,0,Normal
21.13,21.33,21.48,22.18,21.27,0,Normal
20.30,18.98,20.14,19.54,20.38,0,Normal
17.40,19.00,18.83,17.24,19.10,0,Normal
19.32,18.89,18.65,18.97,17.61,0,Normal
19.57,20.44,19.87,19.73,20.43,0,Normal
21.66,20.86,20.91,20.58,21.50,0,Normal
22.16,23.01,23.04,23.29,22.86,0,Normal
19.56,19.57,20.19,37.01,42.21,1,Anomaly
20.53,21.71,20.96,21.44,21.42,0,Normal
20.44,19.61,20.38,19.56,18.89,0,Normal
22.03,21.60,23.05,30.61,40.04,1,Anomaly
23.44,23.87,23.38,39.68,40.65,1,Anomaly
21.36,21.98,20.59,21.14,21.98,0,Normal
22.36,21.10,22.29,38.75,43.04,1,Anomaly
18.91,19.18,20.23,19.94,19.23,0,Normal
20.04,19.84,19.25,19.34,20.46,0,Normal
18.87,19.48,20.04,39.57,36.71,1,Anomaly
20.34,20.42,20.60,19.33,20.31,0,Normal
21.94,22.13,22.09,32.62,37.71,1,Anomaly
20.31,20.44,20.42,19.50,20.16,0,Normal
20.92,19.65,20.92,19.82,19.94,0,Normal
19.08,18.48,19.92,19.08,18.07,0,Normal
22.36,21.74,21.19,40.01,40.78,1,Anomaly
18.74,19.56,19.66,38.02,42.47,1,Anomaly
20.46,20.91,19.28,20.22,19.35,0,Normal
22.70,22.77,21.44,22.66,22.48,0,Normal
21.81,22.43,21.55,22.97,21.73,0,Normal
18.62,18.77,18.44,18.72,17.83,0,Normal
22.86,21.63,22.80,22.15,22.13,0,Normal
21.51,21.79,21.14,35.31,43.00,1,Anomaly
18.39,19.45,18.77,18.41,19.83,0,Normal
19.99,19.78,18.83,33.29,42.25,1,Anomaly
21.12,20.78,20.07,19.74,20.33,0,Normal
20.89,20.23,20.22,21.44,20.07,0,Normal
19.34,18.33,18.79,19.72,18.53,0,Normal
23.47,22.39,23.10,23.88,22.15,0,Normal
22.51,22.44,23.33,23.70,23.31,0,Normal
22.26,22.09,21.72,42.13,42.73,1,Anomaly
17.29,18.02,17.90,40.19,38.14,1,Anomaly
21.37,22.44,22.33,22.55,21.64,0,Normal
18.77,18.38,18.07,44.95,39.62,1,Anomaly
21.70,21.87,22.87,22.76,23.01,0,Normal
19.46,20.77,20.25,20.66,19.77,0,Normal
21.27,22.13,20.74,22.56,22.03,0,Normal
19.60,19.86,20.30,20.69,20.46,0,Normal
23.15,21.88,23.04,40.36,43.06,1,Anomaly
19.53,17.73,18.34,18.82,18.60,0,Normal
17.58,18.21,17.33,33.08,39.65,1,Anomaly
17.78,18.59,18.26,18.06,17.88,0,Normal
22.23,22.31,21.89,40.16,37.98,1,Anomaly
21.77,22.65,23.03,22.48,21.66,0,Normal
18.74,17.96,17.72,18.06,17.97,0,Normal
22.27,20.59,20.76,22.42,21.15,0,Normal
18.40,19.52,18.49,18.55,18.53,0,Normal
18.47,18.53,18.52,18.14,17.41,0,Normal
19.43,18.17,18.39,19.63,18.66,0,Normal
19.41,19.25,19.75,37.11,40.89,1,Anomaly
21.01,20.34,22.23,40.97,43.23,1,Anomaly
22.73,22.31,21.90,21.28,22.34,0,Normal
21.03,22.18,20.43,21.96,20.44,0,Normal
21.12,21.24,20.27,20.62,21.14,0,Normal
21.04,22.89,21.32,39.34,43.26,1,Anomaly
22.15,21.35,22.38,39.72,44.18,1,Anomaly
19.19,18.85,18.51,18.56,19.34,0,Normal
19.04,20.70,18.96,19.62,20.31,0,Normal
19.29,19.23,18.39,18.79,19.72,0,Normal
18.36,19.32,19.49,19.93,18.66,0,Normal
18.63,19.72,18.35,42.06,36.02,1,Anomaly
22.87,22.92,23.45,34.59,43.36,1,Anomaly
22.02,22.34,23.48,22.21,21.89,0,Normal
21.76,23.03,22.27,31.70,40.52,1,Anomaly
22.27,23.40,22.17,23.03,22.39,0,Normal
21.30,21.94,22.86,42.44,35.69,1,Anomaly
19.71,19.03,18.25,19.43,18.62,0,Normal
23.06,22.68,22.58,40.08,37.98,1,Anomaly
22.82,21.23,21.61,40.74,40.51,1,Anomaly
18.84,18.53,18.78,17.82,17.80,0,Normal
22.33,21.64,21.06,21.72,22.08,0,Normal
17.95,18.71,17.91,18.58,17.85,0,Normal
21.26,21.86,22.33,42.86,44.01,1,Anomaly
19.28,18.34,18.16,35.45,35.21,1,Anomaly
20.24,20.12,20.61,20.36,20.56,0,Normal
21.21,20.13,22.01,20.78,21.15,0,Normal
20.17,19.34,20.18,39.27,41.41,1,Anomaly
20.89,20.83,20.62,20.64,20.93,0,Normal
19.35,19.48,18.88,20.12,19.27,0,Normal
21.07,21.87,20.72,43.31,36.99,1,Anomaly
22.76,22.11,21.42,22.38,21.20,0,Normal
21.80,20.86,21.66,21.39,20.84,0,Normal
19.02,19.94,18.25,41.72,37.90,1,Anomaly
18.69,18.51,18.15,18.48,19.09,0,Normal
20.67,20.59,19.26,19.34,20.36,0,Normal
20.83,21.47,19.80,20.66,20.16,0,Normal
21.83,23.01,22.15,21.53,21.93,0,Normal
20.31,20.08,19.73,32.84,41.97,1,Anomaly
21.45,22.74,22.73,21.59,23.06,0,Normal
21.04,21.32,20.95,22.36,22.42,0,Normal
18.52,18.93,18.11,18.34,17.43,0,Normal
20.19,20.26,18.44,33.48,40.94,1,Anomaly
17.93,19.30,19.48,36.44,38.94,1,Anomaly
17.74,19.02,19.01,31.43,44.17,1,Anomaly
22.89,23.47,22.83,21.80,23.29,0,Normal
19.26,20.16,20.06,20.32,19.86,0,Normal
19.01,18.50,18.18,30.22,35.70,1,Anomaly
21.40,20.59,20.65,37.38,42.36,1,Anomaly
17.76,18.38,17.85,17.67,19.19,0,Normal
22.33,21.73,21.43,35.96,36.60,1,Anomaly
19.27,19.66,18.01,18.66,19.29,0,Normal
21.43,23.10,21.98,22.73,21.60,0,Normal
23.36,22.11,23.39,21.87,23.12,0,Normal
23.38,22.73,23.61,30.01,38.56,1,Anomaly
20.89,20.59,22.57,22.40,21.89,0,Normal
18.62,19.52,18.37,19.26,19.11,0,Normal
22.03,23.30,22.18,22.18,21.49,0,Normal
17.36,18.65,18.26,18.67,17.42,0,Normal
19.81,18.95,18.96,36.43,37.07,1,Anomaly
17.37,18.06,19.03,39.84,40.91,1,Anomaly
18.44,19.14,18.50,18.73,18.75,0,Normal
20.21,18.94,20.06,19.80,18.70,0,Normal
17.13,17.98,18.53,34.71,39.12,1,Anomaly
21.34,21.26,20.75,21.56,20.54,0,Normal
19.92,21.36,20.42,20.34,20.31,0,Normal
17.38,18.04,18.52,17.91,18.03,0,Normal
18.67,18.18,18.87,17.88,18.37,0,Normal
18.87,19.51,19.40,20.00,19.33,0,Normal
21.13,22.38,21.63,36.12,43.65,1,Anomaly
18.95,19.60,20.24,19.29,18.47,0,Normal
21.80,22.27,21.04,32.04,42.93,1,Anomaly
20.65,21.14,20.04,20.34,21.62,0,Normal
18.58,17.96,17.82,18.75,19.32,0,Normal
20.61,21.27,20.48,19.70,21.14,0,Normal
22.34,21.86,21.41,20.83,21.65,0,Normal
20.72,21.23,21.68,20.77,20.57,0,Normal
21.01,19.29,19.62,20.88,19.86,0,Normal
20.03,19.68,19.50,38.81,38.47,1,Anomaly
21.45,22.65,20.99,40.21,41.78,1,Anomaly
20.36,19.63,20.10,19.64,19.02,0,Normal
22.54,21.90,22.29,21.70,22.02,0,Normal
20.32,20.44,20.05,44.59,40.86,1,Anomaly
18.99,18.58,18.77,40.12,42.73,1,Anomaly
22.16,22.34,21.89,21.88,21.82,0,Normal
17.99,18.85,19.00,17.29,18.16,0,Normal
23.38,23.27,23.84,23.31,22.84,0,Normal
18.59,17.73,19.58,18.46,17.98,0,Normal
22.79,21.91,21.27,21.11,21.16,0,Normal
22.65,22.87,22.80,40.64,42.49,1,Anomaly
19.26,18.90,19.29,18.41,19.49,0,Normal
21.55,21.70,22.28,22.71,21.50,0,Normal
22.78,23.11,23.82,21.89,22.46,0,Normal
22.24,21.04,21.43,30.27,42.88,1,Anomaly
19.23,20.44,19.54,20.38,18.70,0,Normal
19.90,20.78,19.88,20.51,19.89,0,Normal
20.24,20.74,20.57,30.91,42.33,1,Anomaly
18.16,19.50,20.10,19.27,18.89,0,Normal
22.63,21.61,22.54,22.96,21.80,0,Normal
18.73,19.27,19.44,18.59,18.89,0,Normal
19.26,17.89,19.30,17.91,18.85,0,Normal
22.97,21.94,22.46,21.60,21.75,0,Normal
18.77,18.41,18.81,18.41,19.47,0,Normal
18.47,19.86,19.76,19.96,19.79,0,Normal
20.52,20.65,20.37,19.97,20.45,0,Normal
21.72,21.94,21.93,31.05,39.84,1,Anomaly
21.00,21.58,21.33,44.82,36.71,1,Anomaly
19.80,20.48,19.39,32.40,37.37,1,Anomaly
22.27,22.22,21.59,31.82,36.87,1,Anomaly
21.00,21.30,21.78,39.87,41.97,1,Anomaly
19.54,18.87,19.11,44.42,43.81,1,Anomaly
22.68,21.41,22.47,21.71,21.49,0,Normal
22.59,22.60,22.56,22.57,21.63,0,Normal
19.85,19.68,20.25,43.73,35.93,1,Anomaly
22.23,21.86,21.74,42.28,41.95,1,Anomaly
19.89,20.19,19.57,21.05,20.64,0,Normal
20.84,21.31,21.75,41.65,44.48,1,Anomaly
21.94,22.75,22.32,22.01,21.27,0,Normal
18.72,20.23,19.54,20.58,20.35,0,Normal
20.23,19.94,20.91,21.75,21.28,0,Normal
21.29,21.05,22.07,21.22,21.57,0,Normal
20.82,20.80,21.85,20.30,20.50,0,Normal
18.55,18.69,18.56,34.54,42.05,1,Anomaly
18.49,18.72,18.55,19.62,20.08,0,Normal
21.96,23.04,21.28,39.11,42.89,1,Anomaly
19.49,19.64,19.62,36.59,44.66,1,Anomaly
21.87,22.53,21.80,21.51,22.80,0,Normal
23.59,23.61,22.43,41.04,42.48,1,Anomaly
19.04,18.47,19.94,37.97,41.16,1,Anomaly
21.62,22.25,22.07,37.71,37.15,1,Anomaly
18.78,19.05,19.70,44.95,38.25,1,Anomaly
18.73,20.33,19.54,20.28,20.01,0,Normal
23.47,23.15,22.38,23.35,22.53,0,Normal
18.84,18.17,19.23,17.78,19.04,0,Normal
19.71,19.26,19.03,38.60,35.18,1,Anomaly
18.78,18.05,18.99,18.09,19.48,0,Normal
23.10,22.30,23.40,44.08,38.17,1,Anomaly
19.08,19.71,18.82,18.37,18.07,0,Normal
19.00,18.10,18.77,18.36,18.47,0,Normal
17.28,18.18,17.90,18.46,17.43,0,Normal
22.37,22.41,22.08,20.63,22.07,0,Normal
23.53,23.68,22.42,22.40,23.09,0,Normal
19.81,18.50,19.35,37.25,44.42,1,Anomaly
23.35,23.91,22.82,23.81,22.55,0,Normal
17.62,17.27,18.83,17.94,18.68,0,Normal
18.90,17.58,17.45,18.58,17.41,0,Normal
19.78,19.92,20.01,20.51,20.50,0,Normal
22.18,22.65,22.62,21.85,21.52,0,Normal
21.13,20.89,21.34,20.43,19.99,0,Normal
23.00,22.61,23.08,21.66,21.78,0,Normal
18.96,19.48,18.23,18.81,19.34,0,Normal
22.27,22.07,20.81,38.24,41.85,1,Anomaly
19.63,20.42,20.55,20.31,19.76,0,Normal
22.37,21.56,20.44,20.84,20.78,0,Normal
18.40,18.15,19.40,18.19,18.39,0,Normal
22.89,21.63,22.66,21.63,21.95,0,Normal
22.08,22.46,21.56,21.52,22.37,0,Normal
21.36,21.21,21.63,20.06,21.76,0,Normal
19.10,18.36,19.07,18.77,18.60,0,Normal
19.42,17.84,17.78,19.46,18.33,0,Normal
21.69,22.03,22.10,33.06,44.70,1,Anomaly
19.60,18.91,20.66,19.54,19.48,0,Normal
19.10,19.04,18.55,30.64,36.96,1,Anomaly
19.24,19.22,18.56,18.56,18.78,0,Normal
19.19,20.02,19.60,19.95,19.38,0,Normal
20.82,21.59,21.48,42.62,36.56,1,Anomaly
21.81,21.88,21.24,21.83,20.76,0,Normal
21.07,21.27,19.76,20.38,20.12,0,Normal
21.18,20.21,20.80,20.69,20.51,0,Normal
23.13,22.27,22.41,23.14,23.61,0,Normal
18.91,19.13,19.04,19.01,18.59,0,Normal
18.21,18.37,17.59,19.38,19.10,0,Normal
22.06,22.31,23.67,37.54,39.05,1,Anomaly
19.56,19.40,20.54,18.88,19.62,0,Normal
19.03,18.06,18.52,17.85,18.67,0,Normal
19.48,19.78,19.71,20.03,20.70,0,Normal
18.55,18.02,18.85,18.39,18.92,0,Normal
22.26,22.28,23.40,23.31,23.68,0,Normal
19.95,21.87,21.71,20.75,21.74,0,Normal
21.04,20.23,20.80,21.25,21.08,0,Normal
